1,abandon ,পরিত্যাগ করা,Those who abandon their parents are bad.
2,ability ,ক্ষমতা,Kazi Nazrul lost the ability to speak at old age.
3,able ,সক্ষম,Man are able to achieve nothing without Allahs will.
4,about ,সম্পর্কিত,Fahim knows nothing about journalism.
5,above ,উপরে,A display of fireworks above the town.
6,abroad ,বিদেশে,We usually go abroad for a week in May.
7,absence ,অনুপস্থিতি,The letter had arrived during his absence.
8,absolute ,পরম,Nothing is absolute.
9,absolutely ,একেবারে,He absolutely forgot about his meeting.
10,absorb ,শোষণ,A sponge absorbs water.
11,abuse ,অপব্যবহার,The judge abused his power by imposing the fines.
12,academic ,একাডেমিক,Academic notice has been given.
13,accept ,গ্রহণ,Man should accept his fate.
14,acceptable ,গ্রহণযোগ্য,Child marriage is not acceptable in modern society.
15,access ,অ্যাক্সেস,Students have no access in Teachers room.
16,accident ,দুর্ঘটনা,He died in an accident.
17,accommodation ,থাকার ব্যবস্থা,Polash has no accommodation in dhaka.
18,accompany ,সাথে,Sakib visited zoo accompanied by his friends.
19,according to ,অনুসারে,The game was played according to rules.
20,account ,হিসাব,I have no account in Bank
21,accurate ,নির্ভুল,The result of the math is accurate.
22,accuse ,অভিযুক্ত করা,He is accused of theft.
23,achieve ,অর্জন,Bolt achieved gold medal.
24,achievement ,কৃতিত্ব,Everyone is proud of their achievement.
25,acid ,অ্যাসিড,Acid throwing is a criminal act.
26,acknowledge ,স্বীকৃতি,Great Wall of China is acknowledged as one of the 7 wonder of the world.
27,acquire ,অর্জন,I have acquired great skill in maths.
28,across ,ওপারে,My house is across the river.
29,act ,ভান,My firend has good acting skill.
30,action ,কর্ম,Necessary actions has been taken against robbery.
31,active ,সক্রিয়,Shejan is an active politician.
32,activist ,কর্মী,Munna is a political activist.
33,activity ,ক্রিয়াকলাপ,Write down your daily activity.
34,actor ,অভিনেতা,Who is your favorite actor?
35,actual ,আসল,The police failed to reveal the actual truth.
36,actually ,আসলে,Actually he isn't lying.
37,ad ,বিজ্ঞাপন,Ads help grow buisiness.
38,adapt ,অভিযোজিত,Every species adapt according to its surroundings.
39,add ,যোগ করুন,adding 2 with 3 you will get 5.
40,addition ,যোগ,Addtion of extra player made the team stronger.
41,additional ,অতিরিক্ত,Additonal syllebus is not compulsory.
42,address ,ঠিকানা,Attach the address with the parcel.
43,adequate ,পর্যাপ্ত,The tip was adequate.
44,adjust ,সামঞ্জস্য করুন,Students got perfect resutl adjusting the value of x.
45,administration ,প্রশাসন,Academic administration failed to provide proper guidence of admission.
46,administrative ,প্রশাসনিক,My father is an administrative officer.
47,admire ,প্রশংসা,I admired my mother and she was so happy about it.
48,admission ,ভর্তি,Getting admission in engineering is easier than studying engineering.
49,admit ,মানা,The thief admited his crime.
50,adopt ,গ্রহণ,My neighbour adopted a baby.
51,adult ,প্রাপ্তবয়স্ক,The movie is only for adults.
52,advance ,অগ্রিম,He said sorry in advance.
53,advanced ,উন্নত,Turkey advanced rapidly in last few years.
54,advantage ,সুবিধা,Brazil has advantages in the match against argentina.
55,advert ,বিজ্ঞাপন,Advert the advertisement.
56,advertise ,বিজ্ঞাপন,A group of people tried to advertise illegal ideas.
57,advertisement ,বিজ্ঞাপন,He was selected for the advertisement.
58,advertising ,বিজ্ঞাপন,The youtuber is advertising his channel.
59,advice ,পরামর্শ,My father always gives me advice.
60,advise ,পরামর্শ,Teacher advised the student to study hard.
61,adviser ,উপদেষ্টা,My mother is my adviser.
62,affair ,বিষয়,Mr. Borun had love affairs before marriage.
63,affect ,প্রভাবিত,He was affected by his friends.
64,afford ,সামর্থ,The poor guy couldn’t afford his son a shoe.
65,afraid ,ভীত,The kid is afraid of rat.
66,after ,পরে,She came after me.
67,afternoon ,বিকেল,I like to walk in the afternoon.
68,afterwards ,পরে,He was poor but became rich afterwards.
69,again ,আবার,Argentina has lost to Brazil again.
70,against ,বিরুদ্ধে,Brazil won the match against Argentina.
71,age ,বয়স,My age is 10.
72,aged ,বুড়া,My uncle is an aged man with white hair.
73,agency ,সংস্থা,The national agency couldn’t find their lost agent.
74,agent ,প্রতিনিধি,The agent was sent to investigate in China.
75,aggressive ,আক্রমণাত্মক,The chineese people were aggressive to the agent.
76,ago ,আগে,The news of his disappearance made public 2 days ago.
77,agree ,একমত,All the developed countries agreed to find the agent as soon as possible.
78,agreement ,চুক্তি,UN made an agreement with China.
79,agriculture ,কৃষি,The agriculture in China made a revolution.
80,ahead ,এগিয়ে,Their technology was ahead of their time.
81,aid ,সাহায্য,The poor guy was waiting for others aid.
82,aim ,লক্ষ্য,His aim was to escape the prison.
83,air ,বায়ু,Air pollution was at high rate in China.
84,aircraft ,বিমান,The aircraft landed in China.
85,airline ,বিমান সংস্থা,The British airline contacted with the aircraft.
86,airport ,বিমানবন্দর,The agent went missing from the airport.
87,alarm ,অ্যালার্ম,Mr. Xiong tried to alarm the agent.
88,album ,অ্যালবাম,The woman was holing her marriage album.
89,alcohol ,অ্যালকোহল,She thought alcohol reduced her pain.
90,alive ,জীবিত,She didn’t know if her husband was still alive.
91,all ,সব,All tried to show empathy to the poor woman.
92,all right ,ঠিক আছে,At the end the woman was not allright.
93,allow ,অনুমতি দিন,China didn’t allow the british investigetors entering the country.
94,allowance ,ভাতা,Mycroft was happy to receive his brothers allowance.
95,almost ,প্রায়,One year passed almost everyone forgot about the lost man.
96,alone ,একা,The woman was living alone in the house.
97,along ,বরাবর,Mycroft was living along with his family.
98,alongside ,পাশাপাশি,None stands alongside with you in your bad times except your closed ones.
99,already ,ইতিমধ্যে,Sherlock was already on beache befor the chineese govt knew.
100,also ,এছাড়াও,Watson also visited China also.
101,alter ,পরিবর্তন,Sherlock altered his way to remove his tracks.
102,alternative ,বিকল্প,Watson took the alternative way to the beach.
103,although ,যদিও,Although it was dengerous Watson prioritised the friendship.
104,altogether ,পুরোপুরি,The plan was executed altogether safely.
105,always ,সর্বদা,Sherlock always had faith in his friend.
106,amazing ,আশ্চর্যজনক,The plan worked amazingly.
107,ambition ,উচ্চাশা,Sherlock was ambintious as always.
108,ambulance ,অ্যাম্বুলেন্স,They escaped hiding in an ambulance. 
109,among ,মধ্যে,No one among the police suspected the ambulance.
110,amount ,পরিমাণ,No one can measure the amount of happy she was.
111,an ,একটি,An story can be made form Random words.
112,analyse ,বিশ্লেষণ,The doctor analysed the symptoms of covid 19.
113,analysis ,বিশ্লেষণ,The analysis report is incomplete.
114,analyst ,বিশ্লেষক,The analysist couldn’t find the solution.
115,ancient ,প্রাচীন,Ancient people used to believe that earth is flat.
116,and ,এবং,Human and Jihn are the only intellectual species.
117,anger ,রাগ,Control your anger or lose yourself.
118,angle ,কোণ,The angle of the figure is 90 degree.
119,angry ,রাগান্বিত,Mr. Saitama became angry and punched on the enemys face.
120,animal ,প্রাণী,Cow is a peace loving animal.
121,announce ,ঘোষণা করা,The committee announced new member ship rules.
122,announcement ,ঘোষণা,The announcement is about to begin.
123,annoy ,বিরক্ত করা,My younger brother annoys me all time.
124,annual ,বার্ষিক,The result of the annual exam has been pulished.
125,another ,অন্য,Mr. Garo is a hero in another story.
126,answer ,উত্তর,Answer to the question number 4.
127,anticipate ,পূর্বানুমান,Man cant anticipate his fate.
128,anxiety ,উদ্বেগ,Mr. Mob is on anxiety reduction medicine.
129,anxious ,উদ্বিগ্ন,My mother was anxious as I was late.
130,any ,যে কোন,Any object has good and bad sides.
131,anybody ,যে কেউ,Anybody can question in the classroom.
132,anyhow ,যাইহোক,Anyhow they are good in heart.
133,anyone ,যে কেউ,Anone is allowed to have water during sports.
134,anything ,কিছু,Hey John do you know anything about peter?
135,anyway ,যাইহোক,Anyway I don’t care what happens to you.
136,anywhere ,কোথাও,They couldn’t find water anywhere.
137,apart ,পৃথক্,Apart from bad good doesn’t exist.
138,apartment ,অ্যাপার্টমেন্ট,I have bought an apartment.
139,apologize ,ক্ষমা প্রার্থনা,The government apologized to its people.
140,apology ,ক্ষমা,I ask apology if I have done any wrong.
141,apparent ,আপাত,It seemed good in apparent view.
142,apparently ,স্পষ্টতই,Apparently he was a police officer.
143,appeal ,আবেদন,The victim appealed to higher court for justice.
144,appear ,হাজির,We have appeared in the wrong house.
145,appearance ,চেহারা,His appearance was suspecious.
146,apple ,আপেল,An apple a day keeps doctor away.
147,application ,প্রয়োগ,My application got granted.
148,apply ,প্রয়োগ,I want apply in an engineering university.
149,appoint ,নিয়োগ,The man was appointed as a teacher.
150,appointment ,অ্যাপয়েন্টমেন্ট,I have an appointment with the doctor.
151,appreciate ,প্রশংসা,I appreciate your effort in the project.
152,approach ,পন্থা,There are different approach to reach the same destination.
153,appropriate ,যথাযথ,Many of our country don’t know the appropriate english.
154,approval ,অনুমোদন,We have got our supervisors approval.
155,approve ,অনুমোদন,I can not approve the idea.
156,approximate ,আনুমানিক,The approximate time to finish the job is 30mins.
157,architect ,স্থপতি,The building was designed by an architect.
158,architecture ,আর্কিটেকচার,The architecture of the building is amazing.
159,area ,অঞ্চল,KUET is situated on a large area.
160,argue ,তর্ক,Don’t argue with the fools.
161,argument ,যুক্তি,All the argument behind the theory is strong.
162,arise ,উত্থিত,The batman arisose from the dungeon.
163,arm ,বাহু,His arms are strong.
164,armed ,সশস্ত্র,The police are armed with guns.
165,army ,সেনা,He is an army person.
166,around ,কাছাকাছি,earth moves around the sun.
167,arrange ,ব্যবস্থা করা,I will arrange a party today.
168,arrangement ,ব্যবস্থা,All the arrangment for the party is completed.
169,arrest ,গ্রেফতার,Police will arrest you if you steal.
170,arrival ,আগমন,Mankind is waiting for the arrival of the alien.
171,arrive ,আগমন,We arrived at the party safely.
172,art ,শিল্প,I like ancient art.
173,article ,নিবন্ধ,Paper published an article on smoking.
174,artificial ,কৃত্রিম,Artificial intellegence is growing rapidly.
175,artist ,শিল্পী,We invited a singer artist in the party.
176,as ,যেমন,He is feeling sleepy as he is tired.
177,ashamed ,লজ্জিত,He was ashamed of his sin.
178,aside ,একপাশে,Put aside the difference and become friend.
179,ask ,জিজ্ঞাসা,Ask me one question at a time.
180,asleep ,নিদ্রা,she had been asleep for over three hours.
181,aspect ,দিক,We have to consider all the aspect of the metter.
182,assess ,মূল্যায়ন,Assess the report.
183,assessment ,মূল্যায়ন,The assessment was not as expected.
184,assignment ,অ্যাসাইনমেন্ট,We submited the assignment in time.
185,assist ,সহায়তা করুন,I assist my mom in cooking.
186,assistance ,সহায়তা,I am in need of assistance.
187,assistant ,সহকারী,He hired an assistant for the job.
188,associate ,সহযোগী,His associate was handy in the job.
189,association ,সংঘ,We formed an association to help poor.
190,assume ,ধরে নেওয়া,Police assumed I stole the money.
191,assumption ,ধৃষ্টতা,His assumption was correct.
192,assure ,আশ্বাস দিন,Teacher assured the students in tough times.
193,at ,at,I am good at gaming.
194,atmosphere ,পরিবেশ,Our atmosphere is changing rapidly.
195,attach ,সংযুক্ত করা,attach your safety line to the bridge
196,attack ,আক্রমণ,he doesn't attach too much importance to fixed ideas
197,attempt ,চেষ্টা,They made an attempt to be helpful.
198,attend ,উপস্থিত,the whole sales force attended the conference
199,attention ,মনোযোগ,I lost my attention in the class.
200,attitude ,মনোভাব,he was questioned on his attitude to South Africa
201,attorney ,অ্যাটর্নি,You may appoint an attorney to act on your behalf
202,attract ,আকর্ষণ,I did not want to attract attention
203,attraction ,আকর্ষণ,Potenga seabeach is a great attraction for tourists.
204,attractive ,আকর্ষণীয়,I find my wife attractive.
205,audience ,শ্রোতা,The audiences liked the show.
206,aunt ,খালা,My aunt is sick.
207,author ,লেখক,Awal is the author of the book.
208,authority ,কর্তৃত্ব,Authority didn’t want him to reveal the truth.
209,automatic ,স্বয়ংক্রিয়,I have installed automatic door.
210,automatically ,স্বয়ংক্রিয়ভাবে,The door opened automatically.
211,autumn ,শরত,I love autumn season.
212,available ,উপলব্ধ,My boss is not available right now.
213,average ,গড়,"Average hieght of Bangladeshi male is 5'4""."
214,avoid ,এড়ানোর,I try to avoid danger.
215,awake ,জাগ্রত,The baby was awake all night.
216,award ,পুরষ্কার,Sheikh Hasina was awarded with doctorate degree.
217,aware ,সচেতন,He is not aware of his situation.
218,awareness ,সচেতনতা,Publc awarness about smoking is needed.
219,away ,দূরে,I live far away from the town.
220,awful ,আতঙ্কজনক,It was awful to watch you cry.
221,awkward ,বিশ্রী,The kid made the situation awkward.
222,baby ,বাচ্চা,Mr. Rahim has adopted a baby from orphanage.
223,back ,পেছনে,Do not turn back in exam hall.
224,background ,পটভূমি,The police checked the background of the  suspect.
225,backwards ,পিছনে,Its evolving just backwards.
226,bacon ,বেকন,I hate bacon as a food.
227,bad ,খারাপ,Unfortunately I am having a bad day.
228,badly ,খারাপভাবে,The player is badly injured.
229,bag ,থলে,He took all the vegetable in the bag.
230,bake ,বেক করুন,My mom bakes cake for me.
231,balance ,ভারসাম্য,I is hard to keep balance in space.
232,ball ,বল,The kid wanted to buy a ball.
233,ban ,নিষেধাজ্ঞা,Muslim should ban Israel products
234,band ,ব্যান্ড,My favourite band is LRB.
235,bang ,ঠুং ঠুং শব্দ,I heard a bang in my backyard.
236,bank ,ব্যাংক,Don’t keep your money in non-islamic Bank.
237,bar ,বার,The person behind the bar is called Bartender.
238,barrier ,বাধা,Police made a barrier to stop the protesters.
239,base ,বেস,The base of the building is weak.
240,baseball ,বেসবল,Baseball is a famous sport in Japan.
241,basic ,বেসিক,You shoud have the basic knowledge of Mathematics.
242,basically ,মূলত,You shoud have the basic knowledge of Mathematics.
243,basis ,ভিত্তি,People should be judged on the basis of their character.
244,basket ,ঝুড়ি,I bought a basket of mango.
245,bat ,ব্যাট,Bat is a instrument for cricket.
246,bath ,স্নান,I take my bath regularly to stay clean.
247,bathroom ,পায়খানা,Bathroom should be kept clean daily.
248,battery ,ব্যাটারি,The mobile battery is still healthy.
249,battle ,যুদ্ধ,It’s the battle in our minds that is the important battle.
250,be ,থাকা,I wont to an Youtuber.
251,beach ,সৈকত,Cox's bazar is the world's longest natural sea beach.
252,bean ,শিম,Beans are good for health.
253,bear ,ভালুক,The polar bears are white in color.
254,beard ,দাড়ি,We should keep beard as a muslim.
255,beat ,বীট,Unfortunately Superman couldn’t beat Darksied.
256,beautiful ,সুন্দর,Bangladesh is a beautiful country.
257,beauty ,সৌন্দর্য,Don’t judge people by their beauty.
258,because ,কারণ,I took the covid test because I was sick.
259,become ,হত্তয়া,My sister wants to become a doctor.
260,bed ,বিছানা,I love to sleep in my own bed.
261,bedroom ,শয়নকক্ষ,We should not play in the bedroom.
262,beef ,গরুর মাংস,I love beef as food.
263,beer ,বিয়ার,Beer is bad for health.
264,before ,আগে,Our train arrived before the scheduled time.
265,beforehand ,আগেই,She had phoned beforehand to let me know she was coming.
266,begin ,শুরু,
267,beginning ,শুরু,
268,behalf ,পক্ষে,
269,behave ,আচরণ,
270,behaviour ,আচরণ,
271,behind ,পিছনে,
272,being ,হচ্ছে,
273,belief ,বিশ্বাস,
274,believe ,বিশ্বাস,
275,bell ,বেল,
276,belong ,অন্তর্গত,
277,below ,নিচে,
278,belt ,বেল্ট,
279,bench ,এজলাস,
280,bend ,বাঁকানো,
281,beneath ,নীচে,
282,benefit ,উপকার,
283,beside ,পাশে,
284,best ,সেরা,
285,bet ,বাজি,
286,better ,উত্তম,
287,between ,মধ্যে,
288,beyond ,তার পরেও,
289,bicycle ,সাইকেল,
290,bid ,বিড,
291,big ,বৃহৎ,
292,bike ,বাইক,
293,bill ,বিল,
294,bin ,বিন,
295,bird ,পাখি,
296,birth ,জন্ম,
297,birthday ,জন্মদিন,
298,biscuit ,বিস্কুট,
299,bit ,বিট,
300,bite ,কামড়,
301,bitter ,তেতো,
302,black ,কালো,
303,blade ,ব্লেড,
304,blame ,দোষ,
305,blank ,ফাঁকা,
306,bless ,আশীর্বাদ করুন,
307,blind ,অন্ধ,
308,block ,ব্লক,
309,bloke ,ফোঁটা,
310,blonde ,স্বর্ণকেশী,
311,blood ,রক্ত,
312,blow ,ঘা,
313,blue ,নীল,
314,board ,বোর্ড,
315,boat ,নৌকা,
316,body ,শরীর,
317,boil ,ফুটান,
318,boiler ,বয়লার,
319,boiling ,ফুটন্ত,
320,bomb ,বোমা,
321,bone ,হাড়,
322,bonus ,বোনাস,
323,book ,বই,
324,boom ,বুম,
325,boot ,বুট,
326,border ,সীমানা,
327,bored ,বিরক্ত,
328,boring ,বিরক্তিকর,
329,born ,জন্ম,
330,borrow ,ধার,
331,boss ,বস,
332,both ,উভয়,
333,bother ,বিরক্ত,
334,bottle ,বোতল,
335,bottom ,নীচে,
336,bounce ,বাউন্স,
337,bound ,আবদ্ধ,
338,bowl ,বাটি,
339,box ,বাক্স,
340,boy ,ছেলে,
341,boyfriend ,প্রেমিক,
342,brain ,মস্তিষ্ক,
343,branch ,শাখা,
344,brave ,সাহসী,
345,bread ,রুটি,
346,break ,বিরতি,
347,breakfast ,প্রাতঃরাশ,
348,breast ,স্তন,
349,breath ,শ্বাস,
350,breathe ,শ্বাস,
351,brick ,ইট,
352,bridge ,ব্রিজ,
353,brief ,সংক্ষিপ্ত,
354,briefly ,সংক্ষেপে,
355,bright ,উজ্জ্বল,
356,brilliant ,উজ্জ্বল,
357,bring ,আনা,
358,broad ,বিস্তৃত,
359,brother ,ভাই,
360,brown ,বাদামী,
361,brush ,ব্রাশ,
362,buck ,বক,
363,bucket ,বালতি,
364,buddy ,বন্ধু,
365,budget ,বাজেট,
366,bug ,বাগ,
367,build ,বিল্ড,
368,builder ,নির্মাতা,
369,building ,বিল্ডিং,
370,bump ,ফেলা,
371,bunch ,গুচ্ছ,
372,burn ,পোড়া,
373,burst ,ফেটে,
374,bury ,কবর দেওয়া,
375,bus ,বাস,
376,business ,ব্যবসা,
377,busy ,ব্যস্ত,
378,but ,কিন্তু,
379,butcher ,কসাই,
380,butter ,মাখন,
381,button ,বোতাম,
382,buy ,কেনা,
383,buyer ,ক্রেতা,
384,by ,দ্বারা,
385,bye ,বিদায়,
386,bye  ,বিদায়,
387,cabinet,মন্ত্রিসভা,
388,cable ,তারের,
389,cake ,পিষ্টক,
390,calculate ,গণনা,
391,calculation ,গণনা,
392,calculator ,ক্যালকুলেটর,
393,calendar ,পঞ্জিকা,
394,call ,কল,
395,calm ,শান্ত,
396,camera ,ক্যামেরা,
397,camp ,শিবির,
398,campaign ,প্রচার,
399,can ,করতে পারা,
400,can,করতে পারা,
401,cancel ,বাতিল,
402,cancer ,ক্যান্সার,
403,candidate ,প্রার্থী,
404,candle ,মোমবাতি,
405,candy ,মিছরি,
406,cap ,ক্যাপ,
407,capable ,সক্ষম,
408,capacity ,ক্ষমতা,
409,capital ,মূলধন,
410,captain ,অধিনায়ক,
411,capture ,ক্যাপচার,
412,car ,গাড়ি,
413,card ,কার্ড,
414,care ,যত্ন,
415,career ,কর্মজীবন,
416,careful ,সাবধান,
417,carefully ,সাবধানে,
418,carpet ,কার্পেট,
419,carrot ,গাজর,
420,carry ,বহন,
421,cartoon ,কার্টুন,
422,case ,কেস,
423,cash ,নগদ,
424,cast ,নিক্ষেপ,
425,castle ,দুর্গ,
426,cat ,বিড়াল,
427,catalogue ,ক্যাটালগ,
428,catch ,ধরা,
429,category ,বিভাগ,
430,cause ,কারণ,
431,CD ,সিডি,
432,cease ,বন্ধ করুন,
433,ceiling ,সিলিং,
434,celebrate ,উদযাপন,
435,celebration ,উদযাপন,
436,cell ,কোষ,
437,cellphone ,মুঠোফোন,
438,cent ,শতক,
439,centimetre ,সেন্টিমিটার,
440,central ,কেন্দ্রীয়,
441,centre ,কেন্দ্র,
442,century ,শতাব্দী,
443,cereal ,সিরিয়াল,
444,certain ,নির্দিষ্ট,
445,certainly ,অবশ্যই,
446,certificate ,সনদপত্র,
447,chain ,চেইন,
448,chair ,চেয়ার,
449,chairman ,চেয়ারম্যান,
450,challenge ,চ্যালেঞ্জ,
451,champion ,রক্ষক,
452,championship ,চ্যাম্পিয়নশিপ,
453,chance ,সুযোগ,
454,change ,পরিবর্তন,
455,channel ,চ্যানেল,
456,chap ,অধ্যায়,
457,chapter ,অধ্যায়,
458,character ,চরিত্র,
459,characteristic ,চরিত্রগত,
460,characterize ,বৈশিষ্ট্যযুক্ত,
461,charge ,চার্জ,
462,charity ,দানশীলতা,
463,chart ,চার্ট,
464,chase ,পশ্চাদ্ধাবন,
465,chat ,চ্যাট,
466,cheap ,সস্তা,
467,cheat ,প্রতারণা,
468,check ,চেক,
469,cheek ,গাল,
470,cheese ,পনির,
471,chemical ,রাসায়নিক,
472,chemist ,রসায়নবিদ,
473,chemistry ,রসায়ন,
474,cheque ,চেক,
475,cherry ,চেরি,
476,chest ,বুক,
477,chicken ,মুরগি,
478,chief ,প্রধান,
479,child ,শিশু,
480,childhood ,শৈশব,
481,chip ,চিপ,
482,chocolate ,চকোলেট,
483,choice ,পছন্দ,
484,choose ,পছন্দ করা,
485,chop ,কাটা,
486,chuck ,ছক,
487,church ,গির্জা,
488,cigarette ,সিগারেট,
489,cinema ,সিনেমা,
490,circle ,বৃত্ত,
491,circuit ,সার্কিট,
492,circumstance ,পরিস্থিতি,
493,citizen ,নাগরিক,
494,city ,শহর,
495,civil ,নাগরিক,
496,claim ,দাবি,
497,class ,ক্লাস,
498,classic ,ক্লাসিক,
499,classical ,ধ্রুপদী,
500,classroom ,শ্রেণিকক্ষ,
501,clean ,পরিষ্কার,
502,cleaner ,পরিষ্কারক,
503,clear ,স্পষ্ট,
504,clearly ,পরিষ্কারভাবে,
505,clerk ,কেরানী,
506,clever ,চালাক,
507,click ,ক্লিক,
508,client ,ক্লায়েন্ট,
509,climate ,জলবায়ু,
510,climb ,আরোহণ,
511,clock ,ঘড়ি,
512,close ,বন্ধ,
513,closed ,বন্ধ,
514,closely ,ঘনিষ্ঠভাবে,
515,closet ,আলমারি,
516,cloth ,কাপড়,
517,clothes ,বস্ত্র,
518,cloud ,মেঘ,
519,club ,ক্লাব,
520,clue ,ক্লু,
521,coach ,কোচ,
522,coal ,কয়লা,
523,coast ,উপকূল,
524,coat ,কোট,
525,code ,কোড,
526,coffee ,কফি,
527,coin ,মুদ্রা,
528,cold ,ঠান্ডা,
529,collapse ,ধস,
530,collar ,কলার,
531,colleague ,সহকর্মী,
532,collect ,সংগ্রহ,
533,collection ,সংগ্রহ,
534,college ,কলেজ,
535,colour ,রঙ,
536,column ,কলাম,
537,combination ,সংমিশ্রণ,
538,combine ,একত্রিত,
539,come ,এসো,
540,comfort ,সান্ত্বনা,
541,comfortable ,আরামপ্রদ,
542,command ,আদেশ,
543,comment ,মন্তব্য,
544,commercial ,ব্যবসায়িক,
545,commission ,কমিশন,
546,commit ,প্রতিশ্রুতিবদ্ধ,
547,commitment ,প্রতিশ্রুতি,
548,committee ,কমিটি,
549,common ,সাধারণ,
550,communicate ,যোগাযোগ,
551,communication ,যোগাযোগ,
552,community ,সম্প্রদায়,
553,company ,প্রতিষ্ঠান,
554,compare ,তুলনা করা,
555,comparison ,তুলনা,
556,compete ,প্রতিদ্বন্দ্বিতা করা,
557,competition ,প্রতিযোগিতা,
558,competitive ,প্রতিযোগিতামূলক,
559,complain ,অভিযোগ,
560,complaint ,অভিযোগ,
561,complete ,সম্পূর্ণ,
562,completely ,সম্পূর্ণরূপে,
563,complex ,জটিল,
564,complicated ,জটিল,
565,component ,উপাদান,
566,comprehensive ,বিস্তৃত,
567,comprise ,অন্তর্ভুক্ত,
568,computer ,কম্পিউটার,
569,concentrate ,ঘন করা,
570,concentration ,একাগ্রতা,
571,concept ,ধারণা,
572,concern ,উদ্বেগ,
573,concerned ,উদ্বিগ্ন,
574,concerning ,সম্পর্কিত,
575,concert ,কনসার্ট,
576,conclude ,উপসংহার,
577,conclusion ,উপসংহার,
578,condition ,শর্ত,
579,conduct ,পরিচালনা,
580,conference ,সম্মেলন,
581,confidence ,আত্মবিশ্বাস,
582,confident ,আত্মবিশ্বাসী,
583,confine ,আবদ্ধ,
584,confirm ,নিশ্চিত করুন,
585,conflict ,দ্বন্দ্ব,
586,confused ,বিভ্রান্ত,
587,confusing ,বিভ্রান্তিকর,
588,confusion ,বিভ্রান্তি,
589,congratulation ,অভিনন্দন,
590,connect ,সংযোগ,
591,connection ,সংযোগ,
592,conscious ,সচেতন,
593,consciousness ,চেতনা,
594,consent ,সম্মতি,
595,consequence ,পরিণতি,
596,consider ,বিবেচনা,
597,considerable ,যথেষ্ট,
598,considerably ,অনেক,
599,consideration ,বিবেচনা,
600,consist ,গঠিত,
601,consistent ,সামঞ্জস্যপূর্ণ,
602,constant ,ধ্রুবক,
603,constantly ,নিয়ত,
604,constitute ,গঠন করা,
605,construct ,নির্মাণ,
606,construction ,নির্মাণ,
607,consult ,পরামর্শ,
608,consumer ,গ্রাহক,
609,consumption ,খরচ,
610,contact ,যোগাযোগ,
611,contain ,ধারণ,
612,contemporary ,সমকালীন,
613,content ,বিষয়বস্তু,
614,contest ,প্রতিযোগিতা,
615,context ,প্রসঙ্গ,
616,continue ,চালিয়ে যান,
617,continuous ,একটানা,
618,contract ,চুক্তি,
619,contrast ,বিপরীতে,
620,contribute ,অবদান,
621,contribution ,অবদান,
622,control ,নিয়ন্ত্রণ,
623,convenient ,সুবিধাজনক,
624,convention ,সম্মেলন,
625,conventional ,প্রচলিত,
626,conversation ,কথোপকথন,
627,convert ,রূপান্তর,
628,conviction ,দৃঢ় বিশ্বাস,
629,convince ,সন্তুষ্ট,
630,cook ,রান্না করুন,
631,cooker ,পাত্র,
632,cookie ,কুকি,
633,cool ,শীতল,
634,cooperation ,সহযোগিতা,
635,cope ,সামলাতে,
636,copy ,অনুলিপি,
637,core ,মূল,
638,corn ,ভুট্টা,
639,corner ,কোণে,
640,correct ,সঠিক,
641,corridor ,করিডোর,
642,cost ,খরচ,
643,cottage ,কটেজ,
644,cotton ,সুতি,
645,could,পারে,
646,council ,পরিষদ,
647,count ,গণনা,
648,counter ,পাল্টা,
649,country ,দেশ,
650,countryside ,পল্লী,
651,county ,কাউন্টি,
652,couple ,দম্পতি,
653,courage ,সাহস,
654,course ,অবশ্যই,
655,court ,আদালত,
656,cousin ,কাজিন,
657,cover ,আবরণ,
658,cow ,গাভী,
659,crack ,ফাটল,
660,craft ,নৈপুণ্য,
661,crash ,ক্রাশ,
662,crazy ,পাগল,
663,create ,সৃষ্টি,
664,creation ,সৃষ্টি,
665,creative ,সৃজনশীল,
666,creature ,জীব,
667,credit ,ক্রেডিট,
668,credit card ,ক্রেডিট কার্ড,
669,crew ,নাবিকদল,
670,crime ,অপরাধ,
671,criminal ,অপরাধী,
672,crisis ,সংকট,
673,criterion ,মানদণ্ড,
674,critic ,সমালোচক,
675,critical ,সমালোচক,
676,criticism ,সমালোচনা,
677,criticize ,সমালোচনা,
678,crop ,ফসল,
679,cross ,ক্রস,
680,crowd ,ভিড়,
681,crown ,মুকুট,
682,crucial ,অত্যন্ত গুরুত্বপূর্ণ,
683,cruel ,নিষ্ঠুর,
684,cry ,কান্নাকাটি,
685,cultural ,সাংস্কৃতিক,
686,culture ,সংস্কৃতি,
687,cup ,কাপ,
688,cupboard ,আলমারি,
689,curious ,কৌতূহলী,
690,currency ,মুদ্রা,
691,current ,কারেন্ট,
692,currently ,বর্তমানে,
693,curtain ,পর্দা,
694,curve ,বক্ররেখা,
695,cushion ,কুশন,
696,custom ,প্রথা,
697,customer ,ক্রেতা,
698,cut ,কাটা,
699,cute ,সুন্দর,
700,cycle ,সাইকেল,
701,dad ,বাবা,
702,daddy ,বাবা,
703,daft ,খালি,
704,daily ,প্রতিদিন,
705,damage ,ক্ষতি,
706,dance ,নাচ,
707,danger ,বিপদ,
708,dangerous ,বিপজ্জনক,
709,dare ,সাহস,
710,dark ,অন্ধকার,
711,darkness ,অন্ধকার,
712,darling ,প্রিয়তম,
713,data ,তথ্য,
714,database ,তথ্যশালা,
715,date ,তারিখ,
716,daughter ,কন্যা,
717,day ,দিন,
718,dead ,মৃত,
719,deaf ,বধির,
720,deal ,চুক্তি,
721,dealer ,ব্যবসায়ী,
722,dear ,প্রিয়,
723,dear  ,প্রিয়,
724,death ,মৃত্যু,
725,debate ,বিতর্ক,
726,debt ,debtণ,
727,decade ,দশক,
728,decent ,শালীন,
729,decide ,সিদ্ধান্ত,
730,decision ,সিদ্ধান্ত,
731,declare ,ঘোষণা,
732,decline ,পতন,
733,deep ,গভীর,
734,deeply ,গভীরভাবে,
735,defeat ,পরাজয়,
736,defence ,প্রতিরক্ষা,
737,defend ,রক্ষা করা,
738,define ,সংজ্ঞায়িত করা,
739,definite ,নির্দিষ্ট,
740,definitely ,স্পষ্টভাবে,
741,definition ,সংজ্ঞা,
742,degree ,ডিগ্রি,
743,delay ,বিলম্ব,
744,deliberately ,ভেবেচিন্তে,
745,deliver ,বিতরণ,
746,delivery ,বিতরণ,
747,demand ,চাহিদা,
748,democracy ,গণতন্ত্র,
749,democratic ,গণতান্ত্রিক,
750,demonstrate ,প্রদর্শন,
751,demonstration ,প্রদর্শন,
752,dentist ,চিকিত্সক,
753,deny ,অস্বীকার,
754,department ,বিভাগ,
755,departure ,প্রস্থান,
756,depend ,নির্ভর,
757,dependent ,নির্ভরশীল,
758,deposit ,জমা,
759,depression ,বিষণ্ণতা,
760,depth ,গভীরতা,
761,derive ,প্রাপ্ত,
762,describe ,বর্ণনা,
763,description ,বর্ণনা,
764,desert ,মরুভূমি,
765,deserve ,প্রাপ্য,
766,design ,নকশা,
767,designer ,নকশাকার,
768,desire ,ইচ্ছা,
769,desk ,ডেস্ক,
770,desperate ,মরিয়া,
771,despite ,সত্ত্বেও,
772,destroy ,ধ্বংস,
773,destruction ,ধ্বংস,
774,detail ,বিশদ,
775,detailed ,বিশদ,
776,detect ,সনাক্ত,
777,determination ,সংকল্প,
778,determine ,নির্ধারণ,
779,determined ,সংকল্পবদ্ধ,
780,develop ,বিকাশ,
781,development ,বিকাশ,
782,device ,যন্ত্র,
783,devil ,শয়তান,
784,diagram ,চিত্র,
785,diamond ,হীরা,
786,diary ,ডায়েরি,
787,die ,মারা,
788,diet ,ডায়েট,
789,differ ,পার্থক্য,
790,difference ,পার্থক্য,
791,different ,বিভিন্ন,
792,difficult ,কঠিন,
793,difficulty ,অসুবিধা,
794,dig ,খনন করা,
795,dimension ,মাত্রা,
796,dinner ,রাতের খাবার,
797,direct ,সরাসরি,
798,direction ,অভিমুখ,
799,directly ,সরাসরি,
800,director ,পরিচালক,
801,directory ,ডিরেক্টরি,
802,dirt ,ময়লা,
803,dirty ,নোংরা,
804,disabled ,অক্ষম,
805,disagree ,অসমত,
806,disappear ,অদৃশ্য,
807,disappoint ,হতাশ,
808,disappointed ,হতাশ,
809,disaster ,বিপর্যয়,
810,disc ,ডিস্ক,
811,discipline ,শৃঙ্খলা,
812,discount ,ছাড়,
813,discover ,আবিষ্কার,
814,discovery ,আবিষ্কার,
815,discuss ,আলোচনা করা,
816,discussion ,আলোচনা,
817,disease ,রোগ,
818,disgusting ,জঘন্য,
819,dish ,থালা,
820,disk ,ডিস্ক,
821,dismiss ,বরখাস্ত করা,
822,display ,প্রদর্শন,
823,dispute ,বিতর্ক,
824,distance ,দূরত্ব,
825,distant ,দূর,
826,distinct ,স্বতন্ত্র,
827,distinction ,পার্থক্য,
828,distinguish ,পার্থক্য করা,
829,distribute ,বিতরণ,
830,distribution ,বিতরণ,
831,district ,জেলা,
832,disturb ,ঝামেলা,
833,divide ,বিভক্ত করা,
834,division ,বিভাগ,
835,divorce ,বিবাহবিচ্ছেদ,
836,do ,কর,Don’t keep your money in non-islamic Bank.f
837,doctor ,ডাক্তার,
838,document ,দলিল,
839,dog ,কুকুর,
840,dollar ,ডলার,
841,domestic ,গার্হস্থ্য,
842,dominant ,প্রভাবশালী,
843,dominate ,আয়ত্ত করা,
844,door ,দরজা,
845,dot ,বিন্দু,
846,double ,দ্বিগুণ,
847,doubt ,সন্দেহ,
848,down ,নিচে,
849,downstairs ,নীচে,
850,downtown ,শহরের কেন্দ্রস্থল,
851,dozen ,ডজন,
852,draft ,খসড়া,
853,drag ,টানুন,
854,drama ,নাটক,
855,dramatic ,নাটকীয়,
856,draw ,আঁকুন,
857,drawer ,ড্রয়ার,
858,drawing ,অঙ্কন,
859,dream ,স্বপ্ন,
860,dress ,পোশাক,
861,drink ,পান করা,
862,drive ,ড্রাইভ,
863,driver ,চালক,
864,drop ,ড্রপ,
865,drug ,ড্রাগ,
866,drunk ,মাতাল,
867,dry ,শুকনো,
868,duck ,হাঁস,
869,dude ,শহরবাসী,
870,due ,বাকি,
871,dull ,নিস্তেজ,
872,dumb ,বোবা,
873,dump ,ফেলা,
874,during ,সময়,
875,dust ,ধূলা,
876,duty ,কর্তব্য,
877,DVD ,ডিভিডি,
878,each ,প্রতিটি,
879,each other ,একে অপরকে,
880,ear ,কান,
881,early ,তাড়াতাড়ি,
882,earn ,উপার্জন,
883,earth ,পৃথিবী,
884,ease ,স্বাচ্ছন্দ্য,
885,easily ,সহজেই,
886,east ,পূর্ব,
887,eastern ,পূর্ব,
888,easy ,সহজ,
889,eat ,খাওয়া,
890,economic ,অর্থনৈতিক,
891,economics ,অর্থনীতি,
892,economy ,অর্থনীতি,
893,edge ,প্রান্ত,
894,edition ,সংস্করণ,
895,editor ,সম্পাদক,
896,education ,শিক্ষা,
897,educational ,শিক্ষামূলক,
898,efficiency ,দক্ষতা,
899,efficient ,দক্ষ,
900,effect ,প্রভাব,
901,effective ,কার্যকর,
902,effectively ,কার্যকরভাবে,
903,effort ,প্রচেষ্টা,
904,egg ,ডিম,
905,either ,হয়,
906,elderly ,প্রবীণ,
907,elect ,নির্বাচিত,
908,election ,নির্বাচন,
909,electric ,বৈদ্যুতিক,
910,electrical ,বৈদ্যুতিক,
911,electricity ,বিদ্যুৎ,
912,electronic ,বৈদ্যুতিক,
913,element ,উপাদান,
914,elevator ,লিফট,
915,else ,অন্য,
916,elsewhere ,অন্য কোথাও,
917,email ,ইমেল,
918,embarrassed ,বিব্রত,
919,emerge ,উত্থান,
920,emergency ,জরুরী,
921,emotion ,আবেগ,
922,emotional ,সংবেদনশীল,
923,emphasis ,জোর,
924,emphasize ,জোর দেওয়া,
925,empire ,সাম্রাজ্য,
926,employ ,নিয়োগ,
927,employee ,কর্মচারী,
928,employer ,নিয়োগকর্তা,
929,employment ,কর্মসংস্থান,
930,empty ,খালি,
931,enable ,সক্ষম করুন,
932,encounter ,মুখোমুখি,
933,encourage ,উত্সাহ,
934,encouraging ,উত্সাহজনক,
935,end ,শেষ,
936,enemy ,শত্রু,
937,energy ,শক্তি,
938,engage ,নিযুক্ত করা,
939,engine ,ইঞ্জিন,
940,engineer ,ইঞ্জিনিয়ার,
941,engineering ,প্রকৌশল,
942,enhance ,বাড়ান,
943,enjoy ,উপভোগ করুন,
944,enjoyable ,উপভোগ্য,
945,enormous ,প্রচুর,
946,enough ,যথেষ্ট,
947,enquiry ,অনুসন্ধান,
948,ensure ,নিশ্চিত করা,
949,enter ,প্রবেশ করান,
950,enterprise ,উদ্যোগ,
951,entertainment ,বিনোদন,
952,enthusiasm ,উত্সাহ,
953,enthusiastic ,উদ্যমী,
954,entire ,পুরো,
955,entirely ,পুরোপুরি,
956,entitle ,এনটাইটেল,
957,entrance ,প্রবেশদ্বার,
958,entry ,প্রবেশ,
959,envelope ,খাম,
960,environment ,পরিবেশ,
961,environmental ,পরিবেশগত,
962,equal ,সমান,
963,equally ,সমানভাবে,
964,equipment ,সরঞ্জাম,
965,equivalent ,সমতুল্য,
966,era ,যুগ,
967,error ,ত্রুটি,
968,escape ,পালানো,
969,especially ,বিশেষত,
970,essay ,প্রবন্ধ,
971,essential ,অপরিহার্য,
972,essentially ,মূলত,
973,establish ,প্রতিষ্ঠিত,
974,establishment ,প্রতিষ্ঠা,
975,estate ,সম্পত্তি,
976,estimate ,অনুমান,
977,ethnic ,জাতিগত,
978,even ,এমন কি,
979,evening ,সন্ধ্যা,
980,event ,ইভেন্ট,
981,eventually ,অবশেষে,
982,ever ,সর্বদা,
983,every ,প্রতি,
984,everybody ,সবাই,
985,everyone ,সবাই,
986,everything ,সব,
987,everywhere ,সর্বত্র,
988,evidence ,প্রমান,
989,evil ,অশুভ,
990,exact ,হুবহু,
991,exactly ,ঠিক,
992,exam ,পরীক্ষা,
993,examination ,পরীক্ষা,
994,examine ,পরীক্ষা করা,
995,example ,উদাহরণ,
996,excellent ,দুর্দান্ত,
997,except ,বাদে,
998,exception ,ব্যতিক্রম,
999,exchange ,বিনিময়,
1000,excitement ,উত্তেজনা,
1001,exciting ,উত্তেজনাপূর্ণ,
1002,exclude ,বাদ দিন,
1003,excuse ,অজুহাত,
1004,executive ,কার্যনির্বাহী,
1005,exercise ,অনুশীলন,
1006,exhibition ,প্রদর্শনী,
1007,exist ,উপস্থিত,
1008,existence ,অস্তিত্ব,
1009,existing ,বিদ্যমান,
1010,exit ,প্রস্থান,
1011,expand ,বিস্তৃত করা,
1012,expansion ,প্রসারণ,
1013,expect ,প্রত্যাশা,
1014,expectation ,প্রত্যাশা,
1015,expenditure ,ব্যয়,
1016,expense ,ব্যয়,
1017,expensive ,ব্যয়বহুল,
1018,experience ,অভিজ্ঞতা,
1019,experienced ,অভিজ্ঞ,
1020,experiment ,পরীক্ষা,
1021,experimental ,পরীক্ষামূলক,
1022,expert ,বিশেষজ্ঞ,
1023,explain ,ব্যাখ্যা করা,
1024,explanation ,ব্যাখ্যা,
1025,explore ,অন্বেষণ,
1026,explosion ,বিস্ফোরণ,
1027,export ,এক্সপোর্ট,
1028,expose ,প্রকাশ করা,
1029,express ,প্রকাশ করা,
1030,expression ,অভিব্যক্তি,
1031,extend ,প্রসারিত করা,
1032,extension ,এক্সটেনশন,
1033,extensive ,বিস্তৃত,
1034,extent ,ব্যাপ্তি,
1035,external ,বাহ্যিক,
1036,extra ,অতিরিক্ত,
1037,extraordinary ,অসাধারণ,
1038,extreme ,চরম,
1039,extremely ,অত্যন্ত,
1040,eye ,চক্ষু,
1041,face ,মুখ,
1042,facility ,সুবিধা,
1043,fact ,সত্য,
1044,factor ,ফ্যাক্টর,
1045,factory ,কারখানা,
1046,fail ,ব্যর্থ,
1047,failure ,ব্যর্থতা,
1048,fair ,ফর্সা,
1049,fairly ,মোটামুটি,
1050,faith ,বিশ্বাস,
1051,fall ,পড়া,
1052,false ,মিথ্যা,
1053,familiar ,পরিচিত,
1054,family ,পরিবার,
1055,famous ,বিখ্যাত,
1056,fan ,ফ্যান,
1057,fancy ,অভিনব,
1058,fantastic ,দুর্দান্ত,
1059,far ,অনেক দূরে,
1060,farm ,খামার,
1061,farmer ,কৃষক,
1062,fascinating ,আকর্ষণীয়,
1063,fashion ,ফ্যাশন,
1064,fast ,দ্রুত,
1065,fat ,চর্বি,
1066,father ,পিতা,
1067,fault ,দোষ,
1068,favour ,আনুকূল্য,
1069,favourite ,প্রিয়,
1070,fear ,ভয়,
1071,feature ,বৈশিষ্ট্য,
1072,federal ,ফেডারেল,
1073,fee ,ফি,
1074,feed ,খাওয়ান,
1075,feedback ,প্রতিক্রিয়া,
1076,feel ,অনুভব করা,
1077,feeling ,অনুভূতি,
1078,fellow ,সহকর্মী,
1079,female ,মহিলা,
1080,fence ,বেড়া,
1081,festival ,উৎসব,
1082,fetch ,আনা,
1083,few ,কয়েক,
1084,field ,ক্ষেত্র,
1085,fight ,লড়াই,
1086,figure ,চিত্র,
1087,file ,ফাইল,
1088,fill ,পূরণ,
1089,film ,ফিল্ম,
1090,filthy ,নোংরা,
1091,final ,চূড়ান্ত,
1092,finally ,শেষ পর্যন্ত,
1093,finance ,অর্থায়ন,
1094,financial ,আর্থিক,
1095,find ,অনুসন্ধান,
1096,finding ,সন্ধান করা,
1097,fine ,ঠিক আছে,
1098,finger ,আঙুল,
1099,finish ,শেষ,
1100,fire ,আগুন,
1101,firm ,দৃঢ়,
1102,first ,প্রথম,
1103,firstly ,প্রথমত,
1104,fish ,মাছ,
1105,fishing ,মাছ ধরা,
1106,fit ,ফিট,
1107,fix ,ঠিক কর,
1108,fixed ,স্থির,
1109,flash ,ফ্ল্যাশ,
1110,flat ,সমান,
1111,flavour ,গন্ধ,
1112,flesh ,মাংস,
1113,flight ,বিমান,
1114,flood ,বন্যা,
1115,floor ,মেঝে,
1116,flow ,প্রবাহ,
1117,flower ,ফুল,
1118,fly ,উড়ে,
1119,focus ,ফোকাস,
1120,fold ,ভাঁজ,
1121,folk ,লোক,
1122,follow ,অনুসরণ,
1123,following ,নিম্নলিখিত,
1124,food ,খাদ্য,
1125,foot ,পা,
1126,football ,ফুটবল,
1127,for ,জন্য,
1128,force ,জোর,
1129,foreign ,বিদেশী,
1130,forest ,বন। জংগল,
1131,forever ,চিরতরে,
1132,forget ,ভুলে যাও,
1133,forgive ,ক্ষমা,
1134,fork ,কাঁটাচামচ,
1135,form ,ফর্ম,
1136,formal ,প্রথাগত,
1137,formally ,আনুষ্ঠানিকভাবে,
1138,formation ,গঠন,
1139,former ,প্রাক্তন,
1140,formula ,সূত্র,
1141,forth ,সামনে,
1142,fortnight ,পাক্ষিক,
1143,fortunate ,ভাগ্যবান,
1144,fortune ,ভাগ্য,
1145,forward ,এগিয়ে,
1146,foundation ,ভিত্তি,
1147,frame ,ফ্রেম,
1148,frankly ,অকপটে,
1149,free ,বিনামূল্যে,
1150,freedom ,স্বাধীনতা,
1151,freeway ,ফ্রিওয়ে,
1152,freeze ,বরফে পরিণত করা,
1153,freezer ,ফ্রিজার,
1154,frequent ,ঘন ঘন,
1155,frequently ,ঘন ঘন,
1156,fresh ,সতেজ,
1157,fridge ,ফ্রিজ,
1158,friend ,বন্ধু,
1159,friendly ,বন্ধুত্বপূর্ণ,
1160,friendship ,বন্ধুত্ব,
1161,frightened ,ভীত,
1162,from ,থেকে,
1163,front ,সামনের,
1164,fruit ,ফল,
1165,fry ,ভাজা,
1166,fuel ,জ্বালানী,
1167,full ,সম্পূর্ণ,
1168,fully ,পুরোপুরি,
1169,fun ,মজা,
1170,function ,ফাংশন,
1171,fund ,তহবিল,
1172,fundamental ,মৌলিক,
1173,funeral ,অন্ত্যেষ্টিক্রিয়া,
1174,funny ,হাস্যকর,
1175,furniture ,আসবাবপত্র,
1176,further ,আরও,
1177,fuss ,হৈ চৈ,
1178,future ,ভবিষ্যত,
1179,gain ,লাভ করা,
1180,gallery ,গ্যালারী,
1181,game ,খেলা,
1182,gang ,গ্যাং,
1183,gap ,ফাঁক,
1184,garage ,গ্যারেজ,
1185,garbage ,আবর্জনা,
1186,garden ,উদ্যান,
1187,garlic ,রসুন,
1188,gas ,গ্যাস,
1189,gasoline ,পেট্রল,
1190,gate ,গেট,
1191,gather ,জড়ো করা,
1192,gay ,সমকামী,
1193,gear ,গিয়ার,
1194,gene ,জিন,
1195,general ,সাধারণ,
1196,generally ,সাধারণত,
1197,generate ,উত্পন্ন করা,
1198,generation ,প্রজন্ম,
1199,generous ,উদার,
1200,gentle ,মৃদু,
1201,gentleman ,ভদ্রলোক,
1202,gently ,আলতো করে,
1203,genuine ,অকৃত্রিম,
1204,get ,পাওয়া,
1205,giant ,দৈত্য,
1206,gift ,উপহার,
1207,girl ,মেয়ে,
1208,girlfriend ,বান্ধবী,
1209,give ,দিতে,
1210,glad ,আনন্দিত,
1211,glance ,এক পলক দেখা,
1212,glass ,গ্লাস,
1213,global ,গ্লোবাল,
1214,glove ,গ্লাভস,
1215,go ,যাওয়া,
1216,goal ,লক্ষ্য,
1217,god ,সৃষ্টিকর্তা,
1218,gold ,সোনার,
1219,golden ,সোনালী,
1220,golf ,গল্ফ,
1221,good ,ভাল,
1222,good morning  ,সুপ্রভাত,
1223,good night  ,শুভ রাত্রি,
1224,goodbye  ,বিদায়,
1225,goodness ,মঙ্গল,
1226,goods ,মাল,
1227,gorgeous ,টকটকে,
1228,gosh  ,গোশ,
1229,govern ,পরিচালনা,
1230,government ,সরকার,
1231,governor ,গভর্নর,
1232,grab ,দখল,
1233,grade ,শ্রেণী,
1234,gradually ,ধীরে ধীরে,
1235,gram ,ছোলা,
1236,grammar ,ব্যাকরণ,
1237,grand ,গ্র্যান্ড,
1238,grandad ,গ্র্যান্ডাড,
1239,grandfather ,দাদা,
1240,grandma ,ঠাকুমা,
1241,grandmother ,দাদী,
1242,grandpa ,পিতামহ,
1243,granny ,বৃদ্ধা,
1244,grant ,প্রদান,
1245,graph ,চিত্রলেখ,
1246,grass ,ঘাস,
1247,grateful ,কৃতজ্ঞ,
1248,great ,দুর্দান্ত,
1249,greatly ,ব্যাপকভাবে,
1250,green ,সবুজ,
1251,grey ,ধূসর,
1252,grocery ,মুদিখানা,
1253,gross ,স্থূল,
1254,ground ,স্থল,
1255,group ,দল,A group of people tried to advertise illegal ideas.
1256,grow ,বৃদ্ধি,
1257,growth ,বৃদ্ধি,
1258,guarantee ,গ্যারান্টি,
1259,guard ,প্রহরী,
1260,guess ,অনুমান,
1261,guest ,অতিথি,
1262,guidance ,গাইডেন্স,
1263,guide ,গাইড,
1264,guilty ,দোষী,
1265,guitar ,গিটার,
1266,gun ,বন্দুক,
1267,guy ,লোক,
1268,habit ,অভ্যাস,
1269,hair ,চুল,
1270,half ,অর্ধেক,
1271,half ,অর্ধেক,
1272,halfway ,অর্ধেক,
1273,hall ,হল,
1274,hand ,হাত,
1275,handbag ,হ্যান্ডব্যাগ,
1276,handle ,হাতল,
1277,handy ,সহজ,
1278,hang ,ফাঁসি,
1279,happen ,ঘটবে,
1280,happy ,সুখী,
1281,hard ,শক্ত,
1282,hardly ,কষ্টে,
1283,harm ,ক্ষতি,
1284,hat ,টুপি,
1285,hate ,ঘৃণা,
1286,have ,আছে,
1287,he ,তিনি,
1288,head ,মাথা,
1289,headquarters ,সদর দফতর,
1290,health ,স্বাস্থ্য,
1291,healthy ,সুস্থ,
1292,hear ,শুনুন,
1293,hearing ,শ্রবণ,
1294,heart ,হৃদয়,
1295,heat ,উত্তাপ,
1296,heater ,হিটার,
1297,heating ,গরম করার,
1298,heaven ,স্বর্গ,
1299,heavily ,ভারী,
1300,heavy ,ভারী,
1301,height ,উচ্চতা,
1302,hell ,নরক,
1303,hello  ,হ্যালো,
1304,help ,সাহায্য,
1305,helpful ,সহায়ক,
1306,hence ,অতএব,
1307,her ,তার,
1308,here ,এখানে,
1309,hero ,নায়ক,
1310,hers ,তার,
1311,herself ,নিজেকে,
1312,hesitate ,দ্বিধা,
1313,hi  ,ওহে,
1314,hide ,আড়াল,
1315,high ,উচ্চ,
1316,highlight ,লক্ষণীয় করা,
1317,highly ,অত্যন্ত,
1318,highway ,হাইওয়ে,
1319,hill ,পাহাড়,
1320,him ,তার,
1321,himself ,নিজেই,
1322,hire ,ভাড়া,
1323,his ,তার,
1324,historian ,ইতিহাসবিদ,
1325,historical ,.তিহাসিক,
1326,history ,ইতিহাস,
1327,hit ,আঘাত,
1328,hold ,রাখা,
1329,holder ,ধারক,
1330,holding ,ধারণ,
1331,hole ,গর্ত,
1332,holiday ,ছুটি,
1333,holy ,পবিত্র,
1334,home ,বাড়ি,
1335,homework ,বাড়ির কাজ,
1336,honest ,সৎ,
1337,honestly ,সত্যি বলতে,
1338,honey ,মধু,
1339,honour ,সম্মান,
1340,hook ,হুক,
1341,hope ,আশা,
1342,hopefully ,আশা করি,
1343,hopeless ,হতাশ,
1344,horrible ,ভয়াবহ,
1345,horror ,ভয়াবহতা,
1346,horse ,ঘোড়া,
1347,hospital ,হাসপাতাল,
1348,host ,হোস্ট,
1349,hot ,গরম,
1350,hotel ,হোটেল,
1351,hour ,ঘন্টা,
1352,house ,গৃহ,
1353,household ,পরিবার,
1354,housing ,হাউজিং,
1355,how ,কিভাবে,
1356,however ,যাহোক,
1357,huge ,বিশাল,
1358,human ,মানব,
1359,hungry ,ক্ষুধার্ত,
1360,hunt ,খোজা,
1361,hurry ,তাড়াতাড়ি,
1362,hurt ,আহত,
1363,husband ,স্বামী,
1364,I ,আমি,
1365,ice ,বরফ,
1366,ice cream ,আইসক্রিম,
1367,idea ,ধারণা,A group of people tried to advertise illegal ideas.
1368,ideal ,আদর্শ,
1369,ideally ,আদর্শভাবে,
1370,identify ,সনাক্ত,
1371,identity ,পরিচয়,
1372,idiot ,বোকা,
1373,if ,যদি,
1374,ignore ,উপেক্ষা,
1375,ill ,অসুস্থ,
1376,illegal ,অবৈধ,A group of people tried to advertise illegal ideas.
1377,illness ,অসুস্থতা,
1378,illustrate ,চিত্রিত করা,
1379,image ,চিত্র,
1380,imagination ,কল্পনা,
1381,imagine ,কল্পনা,
1382,immediate ,তাত্ক্ষণিক,
1383,immediately ,অবিলম্বে,
1384,impact ,প্রভাব,
1385,implement ,বাস্তবায়ন,
1386,implication ,জড়িত,
1387,imply ,বোঝা,
1388,import ,আমদানি,
1389,importance ,গুরুত্ব,
1390,important ,গুরুত্বপূর্ণ,
1391,impose ,চাপিয়ে দেওয়া,
1392,impossible ,অসম্ভব,
1393,impress ,ছাপ,
1394,impression ,ছাপ,
1395,impressive ,চিত্তাকর্ষক,
1396,improve ,উন্নতি,
1397,improvement ,উন্নতি,
1398,in ,ভিতরে,Don’t keep your money in non-islamic Bank.
1399,inch ,ইঞ্চি,
1400,incident ,ঘটনা,
1401,include ,অন্তর্ভুক্ত,
1402,including ,সহ,
1403,income ,আয়,
1404,incorporate ,নিগমবদ্ধ,
1405,increase ,বৃদ্ধি,
1406,increasingly ,ক্রমবর্ধমানভাবে,
1407,incredible ,অবিশ্বাস্য,
1408,incredibly ,অবিশ্বাস্যভাবে,
1409,indeed ,প্রকৃতপক্ষে,
1410,independence ,স্বাধীনতা,
1411,independent ,স্বতন্ত্র,
1412,index ,সূচক,
1413,indicate ,ইঙ্গিত,
1414,indication ,ইঙ্গিত,
1415,individual ,স্বতন্ত্র,
1416,industrial ,শিল্প,
1417,industry ,শিল্প,
1418,inevitable ,অনিবার্য,
1419,inevitably ,অনিবার্যভাবে,
1420,infant ,শিশু,
1421,infection ,সংক্রমণ,
1422,inflation ,মূল্যস্ফীতি,
1423,influence ,প্রভাব,
1424,inform ,অবহিত,
1425,informal ,অনানুষ্ঠানিক,
1426,information ,তথ্য,
1427,initial ,প্রাথমিক,
1428,initially ,প্রাথমিকভাবে,
1429,initiative ,উদ্যোগ,
1430,injure ,আহত,
1431,injury ,আঘাত,
1432,inner ,অভ্যন্তরীণ,
1433,innocent ,নির্দোষ,
1434,innovation ,নতুনত্ব,
1435,input ,ইনপুট,
1436,inquiry ,অনুসন্ধান,
1437,insect ,পোকা,
1438,inside ,ভিতরে,
1439,insist ,জেদ করা,
1440,inspection ,পরিদর্শন,
1441,inspector ,পরিদর্শক,
1442,install ,ইনস্টল,
1443,instance ,দৃষ্টান্ত,
1444,instant ,তাত্ক্ষণিক,
1445,instead ,পরিবর্তে,
1446,institute ,ইনস্টিটিউট,
1447,institution ,প্রতিষ্ঠান,
1448,instruction ,নির্দেশ,
1449,instrument ,যন্ত্র,
1450,insurance ,বীমা,
1451,intellectual ,বৌদ্ধিক,
1452,intelligence ,বুদ্ধি,
1453,intelligent ,বুদ্ধিমান,
1454,intend ,অভিপ্রায়,
1455,intense ,তীব্র,
1456,intention ,অভিপ্রায়,
1457,interaction ,মিথষ্ক্রিয়া,
1458,interest ,স্বার্থ,
1459,interested ,আগ্রহী,
1460,interesting ,মজাদার,
1461,internal ,অভ্যন্তরীণ,
1462,international ,আন্তর্জাতিক,
1463,internet ,ইন্টারনেট,
1464,interpret ,ব্যাখ্যা,
1465,interpretation ,ব্যাখ্যা,
1466,interval ,অন্তর,
1467,intervention ,হস্তক্ষেপ,
1468,interview ,সাক্ষাত্কার,
1469,into ,মধ্যে,
1470,introduce ,পরিচয় করিয়ে দেওয়া,
1471,introduction ,ভূমিকা,
1472,invest ,বিনিয়োগ,
1473,investigate ,তদন্ত,
1474,investigation ,তদন্ত,
1475,investment ,বিনিয়োগ,
1476,invite ,আমন্ত্রণ,
1477,involve ,জড়িত,
1478,involved ,জড়িত,
1479,involvement ,জড়িত হওয়া,
1480,iron ,লোহা,
1481,island ,দ্বীপ,
1482,issue ,সমস্যা,
1483,it ,এটা,
1484,item ,আইটেম,
1485,its ,এটি,
1486,itself ,নিজেই,
1487,jacket ,জ্যাকেট,
1488,jam ,জ্যাম,
1489,job ,কাজ,
1490,join ,যোগ দিন,
1491,joint ,যৌথ,
1492,joke ,রসিকতা,
1493,journalist ,সাংবাদিক,
1494,journey ,ভ্রমণ,
1495,joy ,আনন্দ,
1496,judge ,বিচারক,
1497,judgment ,রায়,
1498,juice ,রস,
1499,jump ,ঝাঁপ দাও,
1500,jumper ,জাম্পার,
1501,junior ,জুনিয়র,
1502,jury ,জুরি,
1503,just ,ঠিক,
1504,justice ,বিচার,
1505,justify ,ন্যায়সঙ্গত করা,
1506,keen ,উত্সাহী,
1507,keep ,রাখা,Don’t keep your money in non-islamic Bank.
1508,kettle ,কেটলি,
1509,key ,মূল,
1510,keyboard ,কীবোর্ড,
1511,kick ,লাথি,
1512,kid ,ছাগলছানা,
1513,kill ,হত্যা,
1514,kilometre ,কিলোমিটার,
1515,kind ,সদয়,
1516,king ,রাজা,
1517,kiss ,চুম্বন,
1518,kit ,কিট,
1519,kitchen ,রান্নাঘর,
1520,knee ,হাঁটু,
1521,knife ,ছুরি,
1522,knock ,ঠক্ঠক্,
1523,know ,জানুন,
1524,knowledge ,জ্ঞান,
1525,known ,পরিচিত,
1526,lab ,ল্যাব,
1527,label ,লেবেল,
1528,laboratory ,পরীক্ষাগার,
1529,labour ,শ্রম,
1530,lack ,অভাব,
1531,lad ,ছেলে,
1532,ladder ,মই,
1533,lady ,মহিলা,
1534,lake ,হ্রদ,
1535,lamb ,মেষশাবক,
1536,lamp ,বাতি,
1537,land ,জমি,
1538,landlord ,জমিদার,
1539,landscape ,ল্যান্ডস্কেপ,
1540,lane ,গলি,
1541,language ,ভাষা,
1542,large ,বড়,
1543,largely ,মূলত,
1544,last ,শেষ,
1545,late ,দেরী,
1546,later ,পরে,
1547,latter ,পরবর্তী,
1548,laugh ,হাসি,
1549,launch ,শুরু করা,
1550,law ,আইন,
1551,lawyer ,আইনজীবী,
1552,lay ,পাড়া,
1553,layer ,স্তর,
1554,lazy ,অলস,
1555,lead ,সীসা,
1556,leader ,নেতা,
1557,leadership ,নেতৃত্ব,
1558,leading ,নেতৃস্থানীয়,
1559,leaf ,পাত,
1560,league ,লীগ,
1561,lean ,রোগা,
1562,learn ,শিখুন,
1563,least ,কমপক্ষে,
1564,leather ,চামড়া,
1565,leave ,ছেড়ে দিন,
1566,lecture ,বক্তৃতা,
1567,left ,বাম,
1568,leg ,পা,
1569,legal ,আইনী,
1570,legislation ,আইন,
1571,leisure ,অবসর,
1572,lend ,ধার,
1573,length ,দৈর্ঘ্য,
1574,less ,কম,
1575,lesson ,পাঠ,
1576,let ,দিন,
1577,letter ,চিঠি,
1578,level ,স্তর,
1579,liberal ,উদার,
1580,library ,গ্রন্থাগার,
1581,licence ,লাইসেন্স,
1582,lick ,চাটুন,
1583,lid ,ঢাকনা,
1584,lie ,মিথ্যা,
1585,life ,জীবন,
1586,lift ,উত্তোলন,
1587,light ,আলো,
1588,lighting ,আলো,
1589,like ,পছন্দ,
1590,likely ,সম্ভবত,
1591,limit ,সীমা,
1592,limitation ,সীমাবদ্ধতা,
1593,limited ,সীমাবদ্ধ,
1594,line ,লাইন,
1595,link ,লিঙ্ক,
1596,lip ,ঠোঁট,
1597,liquid ,তরল,
1598,list ,তালিকা,
1599,listen ,শোনো,
1600,literally ,আক্ষরিক অর্থে,
1601,literary ,সাহিত্যিক,
1602,literature ,সাহিত্য,
1603,little ,সামান্য,
1604,live ,লাইভ দেখান,
1605,lively ,প্রাণবন্ত,
1606,living ,জীবিত,
1607,load ,ভার,
1608,loan ,ঋণ,
1609,local ,স্থানীয়,
1610,locate ,সনাক্ত,
1611,location ,অবস্থান,
1612,lock ,লক,
1613,log ,লগ,
1614,logical ,যৌক্তিক,
1615,lonely ,একাকী,
1616,long ,দীর্ঘ,
1617,long-term ,দীর্ঘ মেয়াদী,
1618,look ,চেহারা,
1619,loose ,আলগা,
1620,lord ,প্রভু,
1621,lorry ,লরি,
1622,lose ,হারান,
1623,loss ,ক্ষতি,
1624,lost ,নিখোঁজ,
1625,lot ,অনেক,
1626,loud ,জোরে,
1627,lounge ,লাউঞ্জ,
1628,love ,ভালবাসা,
1629,lovely ,সুদৃশ্য,
1630,lover ,প্রেমিক,
1631,low ,কম,
1632,lower ,কম,
1633,luck ,ভাগ্য,
1634,luckily ,ভাগ্যক্রমে,
1635,lucky ,ভাগ্যবান,
1636,lump ,পিণ্ড,
1637,lunch ,মধ্যাহ্নভোজ,
1638,lunchtime ,লাঞ্চের সময়,
1639,machine ,যন্ত্র,
1640,machinery ,যন্ত্রপাতি,
1641,mad ,পাগল,
1642,madam ,ম্যাডাম,
1643,magazine ,পত্রিকা,
1644,magic ,যাদু,
1645,mail ,মেইল,
1646,main ,প্রধান,
1647,mainly ,প্রধানত,
1648,maintain ,বজায় রাখা,
1649,maintenance ,রক্ষণাবেক্ষণ,
1650,major ,মেজর,
1651,majority ,সংখ্যাগরিষ্ঠ,
1652,make ,করা,
1653,male ,পুরুষ,
1654,mall ,মল,
1655,man ,মানুষ,
1656,manage ,পরিচালনা,
1657,management ,ব্যবস্থাপনা,
1658,manager ,ম্যানেজার,
1659,manner ,পদ্ধতি,
1660,manufacturer ,প্রস্তুতকারক,
1661,manufacturing ,উত্পাদন,
1662,many ,অনেক,
1663,map ,মানচিত্র,
1664,march ,পদযাত্রা,
1665,margin ,মার্জিন,
1666,mark ,চিহ্ন,
1667,market ,বাজার,
1668,marketing ,বিপণন,
1669,marriage ,বিবাহ,
1670,married ,বিবাহিত,
1671,marry ,বিবাহ করা,
1672,marvellous ,অপূর্ব,
1673,mass ,ভর,
1674,massive ,বিশাল,
1675,master ,মাস্টার,
1676,match ,ম্যাচ,
1677,mate ,সাথী,
1678,material ,উপাদান,
1679,math ,গণিত,
1680,maths ,গণিত,
1681,matter ,বিষয়,
1682,maximum ,সর্বাধিক,
1683,may ,পারে,
1684,maybe ,হতে পারে,
1685,me ,আমাকে,
1686,meal ,খাবার,
1687,mean ,মানে,
1688,meaning ,অর্থ,
1689,means ,মানে,
1690,meanwhile ,ইতিমধ্যে,
1691,measure ,পরিমাপ করা,
1692,measurement ,মাপা,
1693,meat ,মাংস,
1694,mechanism ,পদ্ধতি,
1695,media ,মিডিয়া,
1696,medical ,চিকিৎসা,
1697,medicine ,ওষুধ,
1698,medieval ,মধ্যযুগীয়,
1699,medium ,মধ্যম,
1700,meet ,সম্মেলন,
1701,meeting ,সভা,
1702,member ,সদস্য,
1703,membership ,সদস্যপদ,
1704,memory ,স্মৃতি,
1705,mental ,মানসিক,
1706,mention ,উল্লেখ,
1707,menu ,তালিকা,
1708,mere ,নিছক,
1709,merely ,নিছক,
1710,mess ,গণ্ডগোল,
1711,message ,বার্তা,
1712,messy ,অগোছালো,
1713,metal ,ধাতু,
1714,method ,পদ্ধতি,
1715,metre ,মিটার,
1716,middle ,মধ্যম,
1717,midnight ,মধ্যরাত,
1718,might ,হতে পারে,
1719,mile ,মাইল,
1720,military ,সামরিক,
1721,milk ,দুধ,
1722,millimetre ,মিলিমিটার,
1723,mind ,মন,
1724,mine ,আমার,
1725,mineral ,খনিজ,
1726,minimum ,সর্বনিম্ন,
1727,minister ,মন্ত্রী,
1728,ministry ,মন্ত্রণালয়,
1729,minor ,গৌণ,
1730,minority ,নাবালকত্ব,
1731,minute ,মিনিট,
1732,mirror ,আয়না,
1733,misery ,দুর্দশা,
1734,miss ,হারানো,
1735,mission ,মিশন,
1736,mistake ,ভুল,
1737,mix ,মিশ্রণ,
1738,mixed ,মিশ্রিত,
1739,mixture ,মিশ্রণ,
1740,mobile ,মুঠোফোন,
1741,mobile phone ,মোবাইল ফোন,
1742,mode ,মোড,
1743,model ,মডেল,
1744,modern ,আধুনিক,
1745,mom ,মা,
1746,moment ,মুহূর্ত,
1747,mommy ,মা,
1748,money ,টাকা,Don’t keep your money in non-islamic Bank.
1749,monitor ,নিরীক্ষণ,
1750,month ,মাস,
1751,mood ,মেজাজ,
1752,moon ,চাঁদ,
1753,moral ,নৈতিক,
1754,more ,আরও,
1755,moreover ,তদুপরি,
1756,morning ,সকাল,
1757,mortgage ,বন্ধক,
1758,most ,সর্বাধিক,
1759,mostly ,অধিকাংশ ক্ষেত্রে,
1760,mother ,মা,
1761,motion ,গতি,
1762,motor ,মোটর,
1763,motorway ,মোটরওয়ে,
1764,mountain ,পর্বত,
1765,mouse ,মাউস,
1766,mouth ,মুখ,
1767,move ,সরানো,
1768,movement ,আন্দোলন,
1769,movie ,সিনেমা,
1770,much ,অনেক,
1771,mud ,কাদা,
1772,mum ,মা,
1773,mummy ,মমি,
1774,murder ,খুন,
1775,muscle ,পেশী,
1776,museum ,যাদুঘর,
1777,mushroom ,মাশরুম,
1778,music ,সংগীত,
1779,musical ,বাদ্যযন্ত্র,
1780,must ,অবশ্যই,
1781,my ,আমার,
1782,myself ,আমার,
1783,mystery ,রহস্য,
1784,nail ,পেরেক,
1785,naked ,নগ্ন,
1786,name ,নাম,
1787,narrow ,সরু,
1788,nasty ,কদর্য,
1789,nation ,জাতি,
1790,national ,জাতীয়,
1791,native ,স্থানীয়,
1792,natural ,প্রাকৃতিক,
1793,naturally ,স্বাভাবিকভাবে,
1794,nature ,প্রকৃতি,
1795,naughty ,দুষ্টু,
1796,near ,কাছে,
1797,nearby ,কাছাকাছি,
1798,nearly ,প্রায়,
1799,neat ,ঝরঝরে,
1800,necessarily ,অগত্যা,
1801,necessary ,প্রয়োজনীয়,
1802,neck ,ঘাড়,
1803,need ,প্রয়োজন,
1804,negative ,নেতিবাচক,
1805,negotiate ,আলোচনা করা,
1806,negotiation ,আলাপ - আলোচনা,
1807,neighbour ,প্রতিবেশী,
1808,neighbourhood ,পাড়া,
1809,neither ,না,
1810,nerve ,স্নায়ু,
1811,nervous ,স্নায়বিক,
1812,net ,নেট,
1813,network ,অন্তর্জাল,
1814,never ,কখনই না,
1815,nevertheless ,তবুও,
1816,new ,নতুন,
1817,newly ,সদ্য,
1818,news ,খবর,
1819,newspaper ,খবরের কাগজ,
1820,next ,পরবর্তী,
1821,nice ,সুন্দর,
1822,nicely ,সুন্দরভাবে,
1823,night ,রাত,
1824,nil ,শূন্য,
1825,no ,না,
1826,no one ,কেউ না,
1827,no way ,কোনভাবেই না,
1828,nobody ,কেউ না,
1829,nod ,হাঁ,
1830,noise ,শব্দ,
1831,noisy ,সশব্দ,
1832,none ,কিছুই না,
1833,nonsense ,আজেবাজে কথা,
1834,nope ,না,
1835,nor ,না,
1836,normal ,সাধারণ,
1837,normally ,সাধারণত,
1838,north ,উত্তর,
1839,northern ,উত্তর,
1840,nose ,নাক,
1841,not ,না,
1842,notably ,লক্ষণীয়ভাবে,
1843,note ,বিঃদ্রঃ,
1844,nothing ,কিছুই না,
1845,notice ,নোটিশ,
1846,notion ,ধারণা,
1847,novel ,উপন্যাস,
1848,now ,এখন,
1849,nowadays ,আজকাল,
1850,nowhere ,কোথাও,
1851,nuclear ,পারমাণবিক,
1852,nuisance ,উপদ্রব,
1853,number ,সংখ্যা,
1854,numerous ,অনেক,
1855,nurse ,নার্স,
1856,nut ,বাদাম,
1857,o’clock ,ওক্লক,
1858,object ,অবজেক্ট,
1859,objection ,আপত্তি,
1860,objective ,উদ্দেশ্য,
1861,obligation ,বাধ্যবাধকতা,
1862,observation ,পর্যবেক্ষণ,
1863,observe ,পর্যবেক্ষণ,
1864,obtain ,প্রাপ্ত,
1865,obvious ,স্পষ্ট,
1866,obviously ,স্পষ্টতই,
1867,occasion ,উপলক্ষ,
1868,occasional ,মাঝে মাঝে,
1869,occasionally ,মাঝে মাঝে,
1870,occupation ,পেশা,
1871,occupy ,দখল করা,
1872,occur ,ঘটতে পারে,
1873,ocean ,সমুদ্র,
1874,odd ,অস্বাভাবিক,
1875,odds ,প্রতিকূলতা,
1876,of ,এর,
1877,of course ,অবশ্যই,
1878,off ,বন্ধ,
1879,offence ,অপরাধ,
1880,offer ,অফার,
1881,office ,দপ্তর,
1882,officer ,অফিসার,
1883,official ,দাপ্তরিক,
1884,often ,প্রায়শই,
1885,oil ,তেল,
1886,OK ,ঠিক আছে,
1887,OK  ,ঠিক আছে,
1888,old ,পুরাতন,
1889,on ,চালু,
1890,once ,একদা,
1891,one ,এক,
1892,one another ,একে অন্যকে,
1893,onion ,পেঁয়াজ,
1894,only ,কেবল,
1895,onto ,উপর,
1896,open ,খোলা,
1897,opening ,খোলার,
1898,operate ,পরিচালনা,
1899,operation ,অপারেশন,
1900,operator ,অপারেটর,
1901,opinion ,মতামত,
1902,opponent ,প্রতিপক্ষ,
1903,opportunity ,সুযোগ,
1904,oppose ,বিরোধিতা,
1905,opposite ,বিপরীত,
1906,opposition ,বিরোধী দল,
1907,option ,বিকল্প,
1908,or ,বা,
1909,orange ,কমলা,
1910,order ,অর্ডার,
1911,ordinary ,সাধারণ,
1912,organ ,অঙ্গ,
1913,organic ,জৈব,
1914,organization ,সংগঠন,
1915,organize ,সংগঠিত করা,
1916,organized ,সংগঠিত,
1917,origin ,উত্স,
1918,original ,আসল,
1919,originally ,মূলত,
1920,other ,অন্যান্য,
1921,otherwise ,অন্যথায়,
1922,ought to ,উচিৎ,
1923,ounce ,আউন্স,
1924,our ,আমাদের,
1925,ours ,আমাদের,
1926,ourselves ,আমাদের,
1927,out ,আউট,
1928,outcome ,ফলাফল,
1929,output ,আউটপুট,
1930,outside ,বাইরের,
1931,outstanding ,অসামান্য,
1932,oven ,চুলা,
1933,over ,শেষ,
1934,overall ,সামগ্রিকভাবে,
1935,overcome ,কাটিয়ে ওঠা,
1936,overseas ,বিদেশী,
1937,overtime ,অতিরিক্ত সময়,
1938,owe ,ণী,
1939,own ,নিজস্ব,
1940,owner ,মালিক,
1941,ownership ,মালিকানা,
1942,pace ,গতি,
1943,pack ,প্যাক,
1944,package ,প্যাকেজ,
1945,packet ,প্যাকেট,
1946,pad ,প্যাড,
1947,page ,পৃষ্ঠা,
1948,pain ,ব্যথা,
1949,paint ,পেইন্ট,
1950,painting ,পেইন্টিং,
1951,pair ,জোড়,
1952,palace ,প্রাসাদ,
1953,pale ,ফ্যাকাশে,
1954,pan ,প্যান,
1955,panel ,প্যানেল,
1956,panic ,আতঙ্ক,
1957,pants ,প্যান্ট,
1958,paper ,কাগজ,
1959,parcel ,পার্সেল,
1960,pardon  ,ক্ষমা,
1961,parent ,পিতামাতা,
1962,park ,পার্ক,
1963,parking ,পার্কিং,
1964,parliament ,সংসদ,
1965,part ,অংশ,
1966,participate ,অংশগ্রহণ,
1967,particular ,বিশেষ,
1968,particularly ,বিশেষত,
1969,partly ,আংশিকভাবে,
1970,partner ,অংশীদার,
1971,partnership ,অংশীদারিত্ব,
1972,party ,পার্টি,
1973,pass ,পাস,
1974,passage ,উত্তরণ,
1975,passenger ,যাত্রী,
1976,passion ,আবেগ,
1977,past ,অতীত,
1978,path ,পথ,
1979,patience ,ধৈর্য,
1980,patient ,রোগী,
1981,pattern ,প্যাটার্ন,
1982,pause ,বিরতি দিন,
1983,pay ,প্রদান,
1984,payment ,প্রদান,
1985,peace ,শান্তি,
1986,peaceful ,শান্তিপূর্ণ,
1987,peak ,শিখর,
1988,pen ,কলম,
1989,penalty ,জরিমানা,
1990,pencil ,পেন্সিল,
1991,penny ,পয়সা,
1992,pension ,পেনশন,
1993,people ,মানুষ,
1994,pepper ,মরিচ,
1995,per ,প্রতি,
1996,perceive ,উপলব্ধি,
1997,percent ,শতাংশ,
1998,percentage ,শতাংশ,
1999,perception ,উপলব্ধি,
2000,perfect ,নিখুঁত,
2001,perfectly ,পুরোপুরি,
2002,perform ,সম্পাদন,
2003,performance ,কর্মক্ষমতা,
2004,perhaps ,সম্ভবত,
2005,period ,পিরিয়ড,
2006,permanent ,স্থায়ী,
2007,permission ,অনুমতি,
2008,permit ,অনুমতি,
2009,person ,ব্যক্তি,
2010,personal ,ব্যক্তিগত,
2011,personality ,ব্যক্তিত্ব,
2012,personally ,ব্যক্তিগতভাবে,
2013,personnel ,কর্মী,
2014,perspective ,দৃষ্টিভঙ্গি,
2015,persuade ,পটান,
2016,petrol ,পেট্রল,
2017,phase ,পর্যায়,
2018,philosophy ,দর্শন,
2019,phone ,ফোন,
2020,photo ,ফটো,
2021,photocopy ,ফটোকপি,
2022,photograph ,আলোকচিত্র,
2023,phrase ,বাক্যাংশ,
2024,physical ,শারীরিক,
2025,physically ,শারীরিকভাবে,
2026,physics ,পদার্থবিজ্ঞান,
2027,piano ,পিয়ানো,
2028,pick ,বাছাই,
2029,picture ,ছবি,
2030,pie ,পাই,
2031,piece ,টুকরা,
2032,pig ,শূকর,
2033,pile ,গাদা,
2034,pill ,বড়ি,
2035,pilot ,বিমান - চালক,
2036,pin ,পিন,
2037,pink ,গোলাপী,
2038,pint ,পিন্ট,
2039,pipe ,পাইপ,
2040,pitch ,পিচ,
2041,pity ,কৃপা,
2042,pizza ,পিজ্জা,
2043,place ,স্থান,
2044,plain ,সরল,
2045,plan ,পরিকল্পনা,
2046,plane ,প্লেন,
2047,planet ,গ্রহ,
2048,plant ,উদ্ভিদ,
2049,plastic ,প্লাস্টিক,
2050,plate ,প্লেট,
2051,platform ,প্ল্যাটফর্ম,
2052,play ,খেলুন,
2053,player ,প্লেয়ার,
2054,pleasant ,সুখকর,
2055,please ,অনুগ্রহ,
2056,please  ,অনুগ্রহ,
2057,pleased ,খুশি,
2058,pleasure ,আনন্দ,
2059,plenty ,প্রচুর,
2060,plot ,পটভূমি,
2061,plug ,প্লাগ,
2062,plus ,প্লাস,
2063,pocket ,পকেট,
2064,poem ,কবিতা,
2065,poet ,কবি,
2066,poetry ,কবিতা,
2067,point ,পয়েন্ট,
2068,pole ,মেরু,
2069,police ,পুলিশ,
2070,policeman ,পুলিশ,
2071,policy ,নীতি,
2072,polite ,ভদ্র,
2073,political ,রাজনৈতিক,
2074,politician ,রাজনীতিবিদ,
2075,politics ,রাজনীতি,
2076,poll ,পোল,
2077,pollution ,দূষণ,
2078,pond ,পুকুর,
2079,pool ,পুল,
2080,poor ,দরিদ্র,
2081,pop ,পপ,
2082,popular ,জনপ্রিয়,
2083,population ,জনসংখ্যা,
2084,port ,বন্দর,
2085,pose ,অঙ্গবিক্ষেপ,
2086,position ,অবস্থান,
2087,positive ,ধনাত্মক,
2088,possess ,অধিকারী,
2089,possession ,দখল,
2090,possibility ,সম্ভাবনা,
2091,possible ,সম্ভব,
2092,possibly ,সম্ভবত,
2093,post ,পোস্ট,
2094,post office ,ডাক ঘর,
2095,poster ,পোস্টার,
2096,pot ,পাত্র,
2097,potato ,আলু,
2098,potential ,সম্ভাবনা,
2099,pound ,পাউন্ড,
2100,pour ,.ালা,
2101,poverty ,দারিদ্র্য,
2102,power ,শক্তি,
2103,powerful ,ক্ষমতাশালী,
2104,practical ,ব্যবহারিক,
2105,practically ,ব্যবহারিকভাবে,
2106,practice ,অনুশীলন করা,
2107,practise ,অনুশীলন করা,
2108,praise ,প্রশংসা,
2109,pray ,প্রার্থনা,
2110,prayer ,প্রার্থনা,
2111,precise ,সুনির্দিষ্ট,
2112,precisely ,অবিকল,
2113,predict ,পূর্বাভাস,
2114,prefer ,পছন্দ,
2115,preference ,পছন্দ,
2116,pregnant ,গর্ভবতী,
2117,premise ,অনুমান,
2118,preparation ,প্রস্তুতি,
2119,prepare ,প্রস্তুত করা,
2120,prepared ,প্রস্তুত,
2121,presence ,উপস্থিতি,
2122,present ,উপস্থিত,
2123,presentation ,উপস্থাপনা,
2124,preserve ,সংরক্ষণ,
2125,president ,রাষ্ট্রপতি,
2126,press ,টিপুন,
2127,pressure ,চাপ,
2128,presumably ,সম্ভবতঃ,
2129,presume ,অনুমান,
2130,pretend ,ভান করা,
2131,pretty ,সুন্দর,
2132,prevent ,প্রতিরোধ,
2133,previous ,আগে,
2134,previously ,পূর্বে,
2135,price ,দাম,
2136,pride ,গর্ব,
2137,priest ,পুরোহিত,
2138,primarily ,প্রাথমিকভাবে,
2139,primary ,প্রাথমিক,
2140,prince ,রাজপুত্র,
2141,princess ,রাজকুমারী,
2142,principal ,অধ্যক্ষ,
2143,principle ,নীতি,
2144,print ,ছাপা,
2145,printer ,প্রিন্টার,
2146,prior ,পূর্বে,
2147,priority ,অগ্রাধিকার,
2148,prison ,কারাগার,
2149,prisoner ,বন্দী,
2150,private ,ব্যক্তিগত,
2151,privilege ,অধিকার,
2152,prize ,পুরষ্কার,
2153,probably ,সম্ভবত,
2154,problem ,সমস্যা,
2155,procedure ,পদ্ধতি,
2156,proceed ,এগিয়ে যান,
2157,proceeding ,এগিয়ে চলছে,
2158,process ,প্রক্রিয়া,
2159,produce ,উৎপাদন করা,
2160,producer ,প্রযোজক,
2161,product ,পণ্য,
2162,production ,উত্পাদন,
2163,profession ,পেশা,
2164,professional ,পেশাদার,
2165,professor ,অধ্যাপক,
2166,profile ,প্রোফাইল,
2167,profit ,লাভ,
2168,program ,কার্যক্রম,
2169,programme ,কার্যক্রম,
2170,progress ,অগ্রগতি,
2171,project ,প্রকল্প,
2172,promise ,প্রতিশ্রুতি,
2173,promote ,প্রচার করুন,
2174,promotion ,পদোন্নতি,
2175,prompt ,শীঘ্র,
2176,proof ,প্রমাণ,
2177,proper ,সঠিক,
2178,properly ,সঠিকভাবে,
2179,property ,সম্পত্তি,
2180,proportion ,অনুপাত,
2181,proposal ,প্রস্তাব,
2182,propose ,প্রস্তাব,
2183,proposed ,প্রস্তাবিত,
2184,prosecution ,মামলা,
2185,prospect ,সম্ভাবনা,
2186,protect ,রক্ষা করুন,
2187,protection ,সুরক্ষা,
2188,protest ,প্রতিবাদ,
2189,proud ,গর্বিত,
2190,prove ,প্রমাণ,
2191,provide ,সরবরাহ,
2192,provided ,সরবরাহ করা,
2193,providing ,সরবরাহ,
2194,provision ,বিধান,
2195,psychological ,মানসিক,
2196,psychology ,মনস্তত্ত্ব,
2197,pub ,মদের দোকান,
2198,public ,পাবলিক,
2199,publication ,প্রকাশনা,
2200,publicity ,প্রচার,
2201,publish ,প্রকাশ,
2202,publisher ,প্রকাশক,
2203,pudding ,পুডিং,
2204,pull ,টান,
2205,punch ,খোঁচা,
2206,punishment ,শাস্তি,
2207,pupil ,ছাত্র,
2208,purchase ,ক্রয়,
2209,pure ,খাঁটি,
2210,purely ,খাঁটিভাবে,
2211,purple ,বেগুনি,
2212,purpose ,উদ্দেশ্য,
2213,purse ,পার্স,
2214,pursue ,অন্বেষণ করা,
2215,push ,ঠেলা,
2216,put ,করা,
2217,qualification,যোগ্যতা,
2218,qualify ,যোগ্যতা,
2219,quality ,গুণ,
2220,quantity ,পরিমাণ,
2221,quarter ,চতুর্থাংশ,
2222,queen ,রাণী,
2223,question ,প্রশ্ন,
2224,queue ,কিউ,
2225,quick ,দ্রুত,
2226,quickly ,দ্রুত,
2227,quid ,কুইড,
2228,quiet ,শান্ত,
2229,quietly ,নিঃশব্দে,
2230,quit ,ছেড়ে দিন,
2231,quite ,বেশ,
2232,quote ,উদ্ধৃতি,
2233,race,জাতি,
2234,racing ,রেসিং,
2235,radical ,র‌্যাডিক্যাল,
2236,radio ,রেডিও,
2237,rail ,রেল,
2238,railway ,রেলপথ,
2239,rain ,বৃষ্টি,
2240,raise ,উত্থাপন,
2241,range ,পরিসর,
2242,rank ,পদ,
2243,rapid ,দ্রুত,
2244,rapidly ,দ্রুত,
2245,rare ,বিরল,
2246,rarely ,খুব কমই,
2247,rate ,হার,
2248,rather ,বরং,
2249,ratio ,অনুপাত,
2250,raw ,কাঁচা,
2251,reach ,পৌঁছানো,
2252,react ,প্রতিক্রিয়া,
2253,reaction ,প্রতিক্রিয়া,
2254,read ,পড়া,
2255,reader ,পাঠক,
2256,readily ,সহজেই,
2257,reading ,পড়া,
2258,ready ,প্রস্তুত,
2259,real ,বাস্তব,
2260,realistic ,বাস্তববাদী,
2261,reality ,বাস্তবতা,
2262,realize ,উপলব্ধি,
2263,really ,সত্যিই,
2264,reason ,কারণ,
2265,reasonable ,যুক্তিসঙ্গত,
2266,reasonably ,যুক্তিসঙ্গতভাবে,
2267,recall ,প্রত্যাহার,
2268,receipt ,প্রাপ্তি,
2269,receive ,গ্রহণ,
2270,recent ,সাম্প্রতিক,
2271,recently ,সম্প্রতি,
2272,reception ,অভ্যর্থনা,
2273,recipe ,রেসিপি,
2274,reckon ,বোধ করা,
2275,recognition ,স্বীকৃতি,
2276,recognize ,চিনতে,
2277,recommend ,সুপারিশ,
2278,recommendation ,সুপারিশ,
2279,record ,রেকর্ড,
2280,recording ,রেকর্ডিং,
2281,recover ,পুনরুদ্ধার,
2282,recovery ,পুনরুদ্ধার,
2283,red ,লাল,
2284,reduce ,হ্রাস,
2285,reduction ,হ্রাস,
2286,refer ,উল্লেখ করুন,
2287,reference ,রেফারেন্স,
2288,reflect ,প্রতিফলিত করা,
2289,reflection ,প্রতিবিম্ব,
2290,reform ,সংশোধন,
2291,refrigerator ,ফ্রিজ,
2292,refuse ,প্রত্যাখ্যান,
2293,regard ,বিবেচনা,
2294,regime ,শাসনব্যবস্থা,
2295,region ,অঞ্চল,
2296,regional ,আঞ্চলিক,
2297,register ,নিবন্ধন,
2298,registration ,নিবন্ধকরণ,
2299,regret ,আফসোস,
2300,regular ,নিয়মিত,
2301,regularly ,নিয়মিত,
2302,regulation ,নিয়ন্ত্রণ,
2303,reinforce ,শক্তিশালী করা,
2304,reject ,প্রত্যাখ্যান,
2305,relate ,বলা,
2306,related ,সম্পর্কিত,
2307,relation ,সম্পর্ক,
2308,relationship ,সম্পর্ক,
2309,relative ,আপেক্ষিক,
2310,relatively ,তুলনামূলকভাবে,
2311,relax ,আরাম,
2312,release ,মুক্তি,
2313,relevant ,প্রাসঙ্গিক,
2314,relief ,স্বস্তি,
2315,relieve ,মুক্তি,
2316,religion ,ধর্ম,
2317,religious ,ধর্মীয়,
2318,rely ,নির্ভর করা,
2319,remain ,থাকা,
2320,remaining ,বাকি,
2321,remains ,অবশেষ,
2322,remark ,মন্তব্য,
2323,remarkable ,অসাধারণ,
2324,remember ,মনে আছে,
2325,remind ,মনে করিয়ে দিন,
2326,remote ,দূরবর্তী,
2327,remove ,অপসারণ,
2328,rent ,ভাড়া,
2329,repair ,মেরামত,
2330,repeat ,পুনরাবৃত্তি,
2331,replace ,প্রতিস্থাপন,
2332,replacement ,প্রতিস্থাপন,
2333,reply ,উত্তর,
2334,report ,রিপোর্ট,
2335,reporter ,রিপোর্টার,
2336,represent ,চিত্রিত করা,
2337,representation ,উপস্থাপনা,
2338,representative ,প্রতিনিধি,
2339,republic ,প্রজাতন্ত্র,
2340,reputation ,খ্যাতি,
2341,request ,অনুরোধ,
2342,require ,প্রয়োজন,
2343,requirement ,প্রয়োজনীয়তা,
2344,rescue ,উদ্ধার,
2345,research ,গবেষণা,
2346,reserve ,সংচিতি,
2347,resident ,বাসিন্দা,
2348,residential ,আবাসিক,
2349,resign ,পদত্যাগ,
2350,resignation ,পদত্যাগ,
2351,resist ,প্রতিহত করা,
2352,resistance ,প্রতিরোধের,
2353,resolution ,রেজোলিউশন,
2354,resolve ,সমাধান,
2355,resort ,অবলম্বন,
2356,resource ,সংস্থান,
2357,respect ,সম্মান,
2358,respectively ,যথাক্রমে,
2359,respond ,সাড়া,
2360,response ,প্রতিক্রিয়া,
2361,responsibility ,দায়িত্ব,
2362,responsible ,দায়বদ্ধ,
2363,rest ,বিশ্রাম,
2364,restaurant ,রেঁস্তোরা,
2365,restore ,পুনরুদ্ধার,
2366,restrict ,সীমাবদ্ধ,
2367,restriction ,সীমাবদ্ধতা,
2368,result ,ফলাফল,
2369,retain ,ধরে রাখা,
2370,retire ,অবসর,
2371,retirement ,অবসর,
2372,return ,প্রত্যাবর্তন,
2373,reveal ,প্রকাশ করা,
2374,revenue ,রাজস্ব,
2375,reverse ,বিপরীত,
2376,review ,পুনঃমূল্যায়ন,
2377,revolution ,বিপ্লব,
2378,reward ,পুরষ্কার,
2379,rhythm ,ছন্দ,
2380,rice ,ভাত,
2381,rich ,ধনী,
2382,rid ,মুক্তি,
2383,ride ,চলা,
2384,ridiculous ,হাস্যকর,
2385,right ,ঠিক,
2386,right  ,ঠিক,
2387,ring ,রিং,
2388,rip ,চিপ,
2389,rise ,উত্থান,
2390,risk ,ঝুঁকি,
2391,rival ,প্রতিদ্বন্দ্বী,
2392,river ,নদী,
2393,road ,রাস্তা,
2394,rob ,ছিনতাই,
2395,rock ,শিলা,
2396,role ,ভূমিকা,
2397,roll ,রোল,
2398,roof ,ছাদ,
2399,room ,ঘর,
2400,root ,রুট,
2401,rope ,দড়ি,
2402,rough ,মোটামুটি,
2403,roughly ,মোটামুটিভাবে,
2404,round ,গোল,
2405,route ,রুট,
2406,routine ,রুটিন,
2407,row ,সারি,
2408,royal ,রাজকীয়,
2409,rub ,ঘষা,
2410,rubber ,রাবার,
2411,rubbish ,আবর্জনা,
2412,rude ,অভদ্র,
2413,ruin ,ধ্বংস,
2414,rule ,নিয়ম,
2415,run ,চালান,
2416,rural ,গ্রামীণ,
2417,rush ,ভিড়,
2418,sack ,বস্তা,
2419,sad ,দু: খিত,
2420,safe ,নিরাপদ,
2421,safety ,নিরাপত্তা,
2422,sail ,পাল,
2423,sake ,জন্য,
2424,salad ,সালাদ,
2425,salary ,বেতন,
2426,sale ,বিক্রয়,
2427,salt ,লবণ,
2428,same ,একই,
2429,sample ,নমুনা,
2430,sand ,বালু,
2431,sandwich ,স্যান্ডউইচ,
2432,satellite ,উপগ্রহ,
2433,satisfaction ,সন্তোষ,
2434,satisfied ,সন্তুষ্ট,
2435,satisfy ,পরিতৃপ্ত করা,
2436,sauce ,সস,
2437,sausage ,সসেজ,
2438,save ,সংরক্ষণ,
2439,saving ,সংরক্ষণ,
2440,say ,বলুন,
2441,scale ,স্কেল,
2442,scared ,ভীত,
2443,scene ,দৃশ্য,
2444,schedule ,সময়সূচী,
2445,scheme ,পরিকল্পনা,
2446,school ,বিদ্যালয়,
2447,science ,বিজ্ঞান,
2448,scientific ,বৈজ্ঞানিক,
2449,scientist ,বিজ্ঞানী,
2450,scope ,সুযোগ,
2451,score ,স্কোর,
2452,scratch ,স্ক্র্যাচ,
2453,scream ,চিৎকার,
2454,screen ,পর্দা,
2455,screw ,স্ক্রু,
2456,script ,লিপি,
2457,sea ,সমুদ্র,
2458,seal ,সীল,
2459,search ,অনুসন্ধান,
2460,season ,মৌসম,
2461,seat ,আসন,
2462,second ,দ্বিতীয়,
2463,secondary ,মাধ্যমিক,
2464,secondly ,দ্বিতীয়ত,
2465,secret ,গোপন,
2466,secretary ,সেক্রেটারি,
2467,section ,অধ্যায়,
2468,sector ,সেক্টর,
2469,secure ,নিরাপদ,
2470,security ,সুরক্ষা,
2471,see ,দেখা,
2472,seed ,বীজ,
2473,seek ,সন্ধান করা,
2474,seem ,মনে হয়,
2475,seize ,জব্দ করা,
2476,select ,নির্বাচন করুন,
2477,selection ,নির্বাচন,
2478,self ,স্ব,
2479,sell ,বিক্রয়,
2480,send ,প্রেরণ,
2481,senior ,ঊর্ধ্বতন,
2482,sense ,ইন্দ্রিয়,
2483,sensible ,বুদ্ধিমান,
2484,sensitive ,সংবেদনশীল,
2485,sentence ,বাক্য,
2486,separate ,পৃথক,
2487,sequence ,ক্রম,
2488,series ,সিরিজ,
2489,serious ,গুরুতর,
2490,seriously ,গুরুত্ব সহকারে,
2491,servant ,চাকর,
2492,serve ,পরিবেশন,
2493,service ,পরিষেবা,
2494,session ,সেশন,
2495,set ,সেট,
2496,setting ,স্থাপন,
2497,settle ,নিষ্পত্তি,
2498,settlement ,নিষ্পত্তি,
2499,several ,বেশ কয়েকটি,
2500,severe ,গুরুতর,
2501,sew ,সেলাই,
2502,sex ,লিঙ্গ,
2503,sexual ,যৌন,
2504,shadow ,ছায়া,
2505,shake ,ঝাঁকি,
2506,shall ,হবে,
2507,shame ,লজ্জা,
2508,shape ,আকৃতি,
2509,share ,ভাগ,
2510,sharp ,তীক্ষ্ণ,
2511,sharply ,তীব্রভাবে,
2512,shave ,কামান,
2513,she ,সে,she had been asleep for over three hours.
2514,shed ,শেড,
2515,sheep ,ভেড়া,
2516,sheet ,চাদর,
2517,shelf ,বালুচর,
2518,shell ,খোল,
2519,shelter ,আশ্রয়,
2520,shift ,শিফট,
2521,shine ,চকচকে,
2522,ship ,জাহাজ,
2523,shirt ,শার্ট,
2524,shock ,ধাক্কা,
2525,shocked ,বিস্মিত,
2526,shocking ,জঘন্য,
2527,shoe ,জুতো,
2528,shoot ,গুলি,
2529,shop ,দোকান,
2530,shopping ,কেনাকাটা,
2531,short ,সংক্ষিপ্ত,
2532,shortly ,শীঘ্রই,
2533,shot ,গুলি,
2534,should ,উচিত,
2535,shoulder ,কাঁধ,
2536,shout ,চিৎকার,
2537,shove ,ঝাঁকুনি,
2538,show ,দেখান,
2539,shower ,ঝরনা,
2540,shrug ,শ্রাগ,
2541,shut ,বন্ধ,
2542,sick ,অসুস্থ,
2543,side ,পাশ,
2544,sight ,দৃষ্টিশক্তি,
2545,sign ,চিহ্ন,
2546,signal ,সংকেত,
2547,signature ,স্বাক্ষর,
2548,significance,তাৎপর্য,
2549,significant ,তাৎপর্যপূর্ণ,
2550,significantly ,উল্লেখযোগ্যভাবে,
2551,silence ,নীরবতা,
2552,silent ,নীরব,
2553,silly ,নির্বোধ,
2554,silver ,রূপা,
2555,similar ,অনুরূপ,
2556,similarly ,একইভাবে,
2557,simple ,সরল,
2558,simply ,কেবল,
2559,sin ,পাপ,
2560,since ,থেকে,
2561,sing ,গাই,
2562,singer ,গায়ক,
2563,single ,একক,
2564,sink ,ডোবা,
2565,sir ,স্যার,
2566,sister ,বোন,
2567,sit ,বসা,
2568,site ,সাইট,
2569,situation ,অবস্থা,
2570,size ,আকার,
2571,skill ,দক্ষতা,
2572,skin ,ত্বক,
2573,skirt ,স্কার্ট,
2574,sky ,আকাশ,
2575,sleep ,ঘুম,she had been asleep for over three hours.
2576,slice ,টুকরো টুকরো,
2577,slide ,স্লাইড,
2578,slight ,সামান্য,
2579,slightly ,সামান্য,
2580,slim ,পাতলা,
2581,slip ,স্লিপ,
2582,slope ,ঢাল,
2583,slow ,ধীর,
2584,slowly ,আস্তে আস্তে,
2585,small ,ছোট,
2586,smart ,স্মার্ট,
2587,smell ,গন্ধ,
2588,smile ,হাসি,
2589,smoke ,ধোঁয়া,
2590,smoking ,ধূমপান,
2591,smooth ,মসৃণ,
2592,snap ,স্ন্যাপ,
2593,snow ,তুষার,
2594,so ,তাই,
2595,soap ,সাবান,
2596,so-called ,তথাকথিত,
2597,social ,সামাজিক,
2598,society ,সমাজ,
2599,sock ,মোজা,
2600,soft ,নরম,
2601,software ,সফটওয়্যার,
2602,soil ,মাটি,
2603,soldier ,সৈনিক,
2604,sole ,একমাত্র,
2605,solicitor ,আইনজীবি,
2606,solid ,শক্ত,
2607,solution ,সমাধান,
2608,solve ,সমাধান,
2609,some ,কিছু,
2610,somebody ,কেউ,
2611,somehow ,একরকম,
2612,someone ,কেউ,
2613,something ,কিছু,
2614,sometimes ,কখনও কখনও,
2615,somewhat ,কিছুটা,
2616,somewhere ,কোথাও,
2617,son ,পুত্র,
2618,song ,গান,
2619,soon ,শীঘ্রই,
2620,sore ,ঘা,
2621,sorry ,দুঃখিত,
2622,sort ,সাজান,
2623,soul ,আত্মা,
2624,sound ,শব্দ,
2625,soup ,স্যুপ,
2626,source ,উৎস,
2627,south ,দক্ষিণ,
2628,southern ,দক্ষিণ,
2629,space ,স্থান,
2630,spare ,অতিরিক্ত,
2631,speak ,কথা বলতে,
2632,speaker ,স্পিকার,
2633,special ,বিশেষ,
2634,specialist ,বিশেষজ্ঞ,
2635,species ,প্রজাতি,
2636,specific ,নির্দিষ্ট,
2637,specifically ,বিশেষভাবে,
2638,specify ,নির্দিষ্ট করা,
2639,speech ,বক্তৃতা,
2640,speed ,দ্রুততা,
2641,spell ,বানান,
2642,spelling ,বানান,
2643,spend ,ব্যয় করা,
2644,spill ,ঝরা,
2645,spin ,স্পিন,
2646,spirit ,আত্মা,
2647,spiritual ,আধ্যাত্মিক,
2648,spite ,তবুও,
2649,split ,বিভক্ত,
2650,spoil ,লুণ্ঠন,
2651,spokesman ,মুখপাত্র,
2652,spoon ,চামচ,
2653,sport ,খেলা,
2654,spot ,স্পট,
2655,spray ,স্প্রে,
2656,spread ,ছড়িয়ে পড়া,
2657,spring ,বসন্ত,
2658,squad ,স্কোয়াড,
2659,square ,বর্গক্ষেত্র,
2660,squeeze ,চাপ,
2661,stable ,স্থিতিশীল,
2662,staff ,কর্মী,
2663,stage ,মঞ্চ,
2664,stair ,সিঁড়ি,
2665,stake ,ঝুঁকি,
2666,stall ,স্টল,
2667,stamp ,ছাপ,
2668,stand ,দাঁড়ানো,
2669,standard ,মান,
2670,star ,তারা,
2671,stare ,তাকান,
2672,start ,শুরু,
2673,starve ,অনাহার,
2674,state ,অবস্থা,
2675,statement ,বিবৃতি,
2676,station ,স্টেশন,
2677,statistic ,পরিসংখ্যান,
2678,status ,অবস্থা,
2679,stay ,থাকা,
2680,steady ,স্থির,
2681,steak ,মাংসের ফালি,
2682,steal ,চুরি করা,
2683,steam ,বাষ্প,
2684,steel ,ইস্পাত,
2685,steep ,খাড়া,
2686,step ,পদক্ষেপ,
2687,stick ,লাঠি,
2688,stiff ,কড়া,
2689,still ,এখনও,
2690,stir ,আলোড়ন,
2691,stock ,স্টক,
2692,stomach ,পেট,
2693,stone ,পাথর,
2694,stop ,থামো,
2695,storage ,স্টোরেজ,
2696,store ,দোকান,
2697,storm ,ঝড়,
2698,story ,গল্প,
2699,straight ,সোজা,
2700,straightforward ,সোজা,
2701,strain ,স্ট্রেন,
2702,strange ,অদ্ভুত,
2703,stranger ,অপরিচিত,
2704,strategic ,কৌশলগত,
2705,strategy ,কৌশল,
2706,straw ,খড়,
2707,strawberry ,স্ট্রবেরি,
2708,stream ,প্রবাহ,
2709,street ,রাস্তা,
2710,strength ,শক্তি,
2711,strengthen ,শক্তিশালী করা,
2712,stress ,চাপ,
2713,stretch ,প্রসারিত,
2714,strict ,কড়া,
2715,strike ,ধর্মঘট,
2716,string ,স্ট্রিং,
2717,strip ,ফালা,
2718,stroke ,স্ট্রোক,
2719,strong ,শক্তিশালী,
2720,strongly ,দৃ .়ভাবে,
2721,structure ,কাঠামো,
2722,struggle ,সংগ্রাম,
2723,student ,ছাত্র,
2724,studio ,স্টুডিও,
2725,study ,অধ্যয়ন,
2726,stuff ,জিনিসপত্র,
2727,stupid ,বোকা,
2728,style ,স্টাইল,
2729,subject ,বিষয়,
2730,submit ,জমা দিন,
2731,subsequent ,পরবর্তী,
2732,subsequently ,পরবর্তীকালে,
2733,substance ,পদার্থ,
2734,substantial ,যথেষ্ট,
2735,succeed ,সফল,
2736,success ,সাফল্য,
2737,successful ,সফল,
2738,successfully ,সাফল্যের সাথে,
2739,such ,যেমন,
2740,suck ,স্তন্যপান,
2741,sudden ,হঠাৎ,
2742,suddenly ,হঠাৎ,
2743,suffer ,ভোগা,
2744,sufficient ,পর্যাপ্ত,
2745,sugar ,চিনি,
2746,suggest ,পরামর্শ,
2747,suggestion ,পরামর্শ,
2748,suit ,মামলা,
2749,suitable ,উপযুক্ত,
2750,sum ,যোগফল,
2751,summer ,গ্রীষ্ম,
2752,sun ,সূর্য,
2753,super ,সুপার,
2754,supermarket ,সুপারমার্কেট,
2755,supper ,নৈশভোজ,
2756,supply ,সরবরাহ,
2757,support ,সমর্থন,
2758,supporter ,সমর্থক,
2759,suppose ,ধরুন,
2760,sure ,নিশ্চিত,
2761,surely ,অবশ্যই,
2762,surface ,পৃষ্ঠতল,
2763,surgery ,সার্জারি,
2764,surprise ,বিস্ময়,
2765,surprised ,অবাক,
2766,surprising ,বিস্ময়কর,
2767,surprisingly ,আশ্চর্যজনকভাবে,
2768,surround ,চারপাশে,
2769,survey ,জরিপ,
2770,survival ,বেঁচে থাকা,
2771,survive ,বেঁচে থাকা,
2772,suspect ,সন্দেহ,
2773,suspicion ,সন্দেহ,
2774,suspicious ,সন্দেহজনক,
2775,sustain ,টিকিয়ে রাখা,
2776,swap ,অদলবদল,
2777,swear ,কসম,
2778,sweep ,পরিষ্কার করা,
2779,sweet ,মিষ্টি,
2780,swim ,সাঁতার,
2781,swimming ,সাঁতার,
2782,swing ,দোল,
2783,switch ,সুইচ,
2784,symbol ,প্রতীক,
2785,sympathy ,সহানুভূতি,
2786,system ,পদ্ধতি,
2787,table ,টেবিল,
2788,tablet ,ট্যাবলেট,
2789,tackle ,সাজসরঁজাম,
2790,tail ,লেজ,
2791,take ,গ্রহণ করা,
2792,tale ,গল্প,
2793,talent ,প্রতিভা,
2794,talk ,আলাপ,
2795,tall ,লম্বা,
2796,tank ,ট্যাঙ্ক,
2797,tap ,ট্যাপ করুন,
2798,tape ,টেপ,
2799,target ,লক্ষ্য,
2800,task ,টাস্ক,
2801,taste ,স্বাদ,
2802,tax ,কর,
2803,taxi ,ট্যাক্সি,
2804,tea ,চা,
2805,teach ,পড়ান,
2806,teacher ,শিক্ষক,
2807,teaching ,শিক্ষকতা,
2808,team ,টীম,
2809,tear ,টিয়ার,
2810,technical ,প্রযুক্তিগত,
2811,technique ,প্রযুক্তি,
2812,technology ,প্রযুক্তি,
2813,telephone ,টেলিফোন,
2814,television ,টেলিভিশন,
2815,tell ,বলুন,
2816,telly ,টেলি,
2817,temperature ,তাপমাত্রা,
2818,temporary ,অস্থায়ী,
2819,tend ,প্রবণতা,
2820,tendency ,প্রবণতা,
2821,tennis ,টেনিস,
2822,tension ,চিন্তা,
2823,tent ,তাঁবু,
2824,term ,শব্দ,
2825,terrible ,ভয়ানক,
2826,terribly ,ভয়ানকভাবে,
2827,territory ,এলাকা,
2828,terror ,সন্ত্রাস,
2829,terrorist ,সন্ত্রাসী,
2830,test ,পরীক্ষা,
2831,text ,পাঠ্য,
2832,than ,চেয়ে,
2833,thank ,ধন্যবাদ,
2834,thanks ,ধন্যবাদ,
2835,thanks  ,ধন্যবাদ,
2836,that ,যে,
2837,the ,দ্য,
2838,theatre ,থিয়েটার,
2839,their ,তাদের,
2840,theirs ,তাদের,
2841,them ,তাদের,
2842,theme ,থিম,
2843,themselves ,নিজেদের,
2844,then ,তারপর,
2845,theoretical ,তাত্ত্বিক,
2846,theory ,তত্ত্ব,
2847,there ,সেখানে,
2848,therefore ,অতএব,
2849,they ,তারা,
2850,thick ,পুরু,
2851,thin ,পাতলা,
2852,thing ,জিনিস,
2853,think ,ভাবুন,
2854,this ,এই,
2855,though ,যদিও,
2856,thought ,চিন্তা,
2857,threat ,হুমকি,
2858,threaten ,হুমকি,
2859,three ,তিন,
2860,throat ,গলা,
2861,through ,মাধ্যম,
2862,throughout ,জুড়ে,
2863,throw ,নিক্ষেপ,
2864,thus ,এইভাবে,
2865,ticket ,টিকিট,
2866,tidy ,পরিপাটি,
2867,tie ,টাই,
2868,tight ,টাইট,
2869,tile ,টাইল,
2870,till ,অবধি,
2871,time ,সময়,
2872,tin ,টিন,
2873,tiny ,ক্ষুদ্র,
2874,tip ,টিপ,
2875,tired ,ক্লান্ত,
2876,title ,শিরোনাম,
2877,to ,প্রতি,
2878,toast ,টোস্ট,
2879,today ,আজ,
2880,toe ,পায়ের আঙ্গুল,
2881,together ,একসাথে,
2882,toilet ,টয়লেট,
2883,tomato ,টমেটো,
2884,tomorrow ,আগামীকাল,
2885,ton ,টন,
2886,tone ,স্বন,
2887,tongue ,জিহ্বা,
2888,tonight ,আজ রাতে,
2889,too ,খুব,
2890,tool ,টুল,
2891,tooth ,দাঁত,
2892,top ,শীর্ষ,
2893,topic ,বিষয়,
2894,total ,মোট,
2895,totally ,সম্পূর্ণ,
2896,touch ,স্পর্শ,
2897,tough ,শক্ত,
2898,tour ,ভ্রমণ,
2899,tourist ,পর্যটক,
2900,towards ,দিকে,
2901,towel ,তোয়ালে,
2902,tower ,টাওয়ার,
2903,town ,শহর,
2904,toy ,খেলনা,
2905,track ,ট্র্যাক,
2906,trade ,বাণিজ্য,
2907,tradition ,ঐতিহ্য,
2908,traditional ,প্রচলিত,
2909,traffic ,ট্র্যাফিক,
2910,trailer ,লতা,
2911,train ,ট্রেন,
2912,trainer ,প্রশিক্ষক,
2913,training ,প্রশিক্ষণ,
2914,transaction ,লেনদেন,
2915,transfer ,স্থানান্তর,
2916,transform ,রূপান্তর,
2917,transition ,রূপান্তর,
2918,translate ,অনুবাদ করা,
2919,transport ,পরিবহন,
2920,transportation ,পরিবহন,
2921,trash ,আবর্জনা,
2922,travel ,ভ্রমণ,
2923,tray ,ট্রে,
2924,treat ,চিকিত্সা,
2925,treatment ,চিকিত্সা,
2926,treaty ,সন্ধি,
2927,tree ,গাছ,
2928,tremendous ,অসাধারণ,
2929,trend ,প্রবণতা,
2930,trial ,বিচার,
2931,trick ,কৌতুক,
2932,tricky ,কৌশলী,
2933,trip ,ট্রিপ,
2934,troop ,সৈন্যবাহিনী,
2935,trouble ,ঝামেলা,
2936,trousers ,ট্রাউজার্স,
2937,truck ,ট্রাক,
2938,true ,সত্য,
2939,truly ,সত্যই,
2940,trust ,বিশ্বাস,
2941,truth ,সত্য,
2942,try ,চেষ্টা করুন,
2943,tube ,নল,
2944,tune ,সুর,
2945,tunnel ,টানেল,
2946,turn ,মোড়,
2947,twice  ,দুবার,
2948,twist ,পাকান,
2949,type ,প্রকার,
2950,typical ,সাধারণ,
2951,tyre ,পাগড়ি,
2952,ugly ,কুৎসিত,
2953,ultimate ,চূড়ান্ত,
2954,ultimately ,শেষ পর্যন্ত,
2955,unable ,অক্ষম,
2956,unbelievable ,অবিশ্বাস্য,
2957,uncle ,চাচা,
2958,under ,অধীনে,
2959,underneath ,নিম্নদেশে,
2960,understand ,বোঝা,
2961,understanding ,বোধগম্যতা,
2962,undertake ,হাতে নেওয়া,
2963,unemployed ,বেকার,
2964,unemployment ,বেকারত্ব,
2965,unfair ,অন্যায়,
2966,unfortunate ,দুর্ভাগ্যজনক,
2967,unfortunately ,দুর্ভাগ্যক্রমে,
2968,unhappy ,অসন্তুষ্ট,
2969,uniform ,ইউনিফর্ম,
2970,union ,মিলন,
2971,unique ,অনন্য,
2972,unit ,ইউনিট,
2973,united ,অবিচ্ছিন্ন,
2974,unity ,একতা,
2975,universal ,সর্বজনীন,
2976,universe ,বিশ্ব,
2977,university ,বিশ্ববিদ্যালয়,
2978,unknown ,অজানা,
2979,unless ,না হলে,
2980,unlike ,অসদৃশ,
2981,unlikely ,অসম্ভব,
2982,until ,অবধি,
2983,unusual ,অস্বাভাবিক,
2984,up ,আপ,
2985,upon ,উপর,
2986,upper ,উপরের,
2987,upset ,মর্মাহত,
2988,upstairs ,উপরে,
2989,urban ,শহুরে,
2990,urge ,তাড়ন,
2991,urgent ,জরুরি,
2992,us ,আমাদের,
2993,use ,ব্যবহার,
2994,used ,ব্যবহৃত,
2995,used to,অভ্যস্ত,
2996,useful ,দরকারী,
2997,user ,ব্যবহারকারী,
2998,usual ,চলিত,
2999,usually ,সাধারণত,
3000,vacation,অবকাশ,
3001,vague ,অস্পষ্ট,
3002,valley ,উপত্যকা,
3003,valuable ,মূল্যবান,
3004,value ,মান,
3005,van ,ভ্যান,
3006,variation ,প্রকরণ,
3007,variety ,বিভিন্ন,
3008,various ,বিভিন্ন,
3009,vary ,পরিবর্তিত হয়,
3010,vast ,বিশাল,
3011,vegetable ,শাকসবজি,
3012,vehicle ,যানবাহন,
3013,version ,সংস্করণ,
3014,very ,খুব,
3015,vet ,পশুচিকিত্সা,
3016,via ,মাধ্যমে,
3017,victim ,শিকার,
3018,victory ,বিজয়,
3019,video ,ভিডিও,
3020,view ,দর্শন,
3021,village ,গ্রাম,
3022,violence ,সহিংসতা,
3023,violent ,হিংস্র,
3024,virtually ,কার্যত,
3025,virtue ,পুণ্য,
3026,virus ,ভাইরাস,
3027,visible ,দৃশ্যমান,
3028,vision ,দৃষ্টি,
3029,visit ,দর্শন,
3030,visitor ,দর্শনার্থী,
3031,visual ,ভিজ্যুয়াল,
3032,vital ,প্রাণবন্ত,
3033,voice ,কণ্ঠস্বর,
3034,volume ,ভলিউম,
3035,voluntary ,স্বেচ্ছাসেবী,
3036,vote ,ভোট,
3037,vulnerable ,দুর্বল,
3038,wage ,বেতন,
3039,wait ,অপেক্ষা করুন,
3040,wake ,জাগা,
3041,walk ,হাঁটা,
3042,wall ,প্রাচীর,
3043,wander ,বিচরণ,
3044,want ,চাই,
3045,war ,যুদ্ধ,
3046,ward ,ওয়ার্ড,
3047,wardrobe ,পোশাক,
3048,warm ,উষ্ণ,
3049,warn ,সতর্ক করা,
3050,warning ,সতর্কতা,
3051,wash ,ধুয়ে ফেলুন,
3052,washing ,ধোলাই,
3053,waste ,নষ্ট,
3054,watch ,ঘড়ি,
3055,water ,জল,
3056,wave ,ঢেউ,
3057,way ,উপায়,
3058,we ,আমরা,
3059,weak ,দুর্বল,
3060,weakness ,দুর্বলতা,
3061,wealth ,ধন,
3062,weapon ,অস্ত্র,
3063,wear ,পরা,
3064,weather ,আবহাওয়া,
3065,web ,ওয়েব,
3066,website ,ওয়েবসাইট,
3067,wedding ,বিবাহ,
3068,week ,সপ্তাহ,
3069,weekend ,উইকএন্ড,
3070,weekly ,সাপ্তাহিক,
3071,weigh ,ওজন করা,
3072,weight ,ওজন,
3073,weird ,অদ্ভুত,
3074,welcome ,স্বাগত,
3075,welfare ,কল্যাণ,
3076,well ,আমরা হব,
3077,well  ,আমরা হব,
3078,west ,পশ্চিম,
3079,western ,পশ্চিমা,
3080,wet ,ভেজা,
3081,what ,কি,
3082,whatever ,যাই হোক,
3083,whatsoever ,যাই হোক না কেন,
3084,wheel ,চাকা,
3085,when ,কখন,
3086,whenever ,যখনই,
3087,where ,কোথায়,
3088,whereas ,যদিও,
3089,wherever ,যেখানেই,
3090,whether ,কিনা,
3091,which ,যা,
3092,while ,যখন,
3093,whisky ,হুইস্কি,
3094,whisper ,ফিসফিস,
3095,white ,সাদা,
3096,who ,কে,
3097,whoever ,যে কেউ,
3098,whole ,পুরো,
3099,whom ,কাকে,
3100,whose ,কার,
3101,why ,কেন,
3102,wicked ,দুষ্ট,
3103,wide ,প্রশস্ত,
3104,widely ,ব্যাপকভাবে,
3105,widespread ,বিস্তৃত,
3106,wife ,স্ত্রী,
3107,wild ,বন্য,
3108,will ,ইচ্ছাশক্তি,
3109,will ,ইচ্ছাশক্তি,
3110,willing ,রাজী,
3111,win ,জিত,
3112,wind ,বায়ু,
3113,window ,জানলা,
3114,windy ,বাতাসযুক্ত,
3115,wine ,মদ,
3116,wing ,ডানা,
3117,winner ,বিজয়ী,
3118,winter ,শীত,
3119,wipe ,মুছা,
3120,wire ,তার,
3121,wise ,বুদ্ধিমান,
3122,wish ,ইচ্ছা,
3123,with ,সঙ্গে,
3124,withdraw ,প্রত্যাহার,
3125,within ,মধ্যে,
3126,without ,ছাড়া,
3127,witness ,সাক্ষী,
3128,woman ,মহিলা,
3129,wonder ,অবাক,
3130,wonderful ,দুর্দান্ত,
3131,wood ,কাঠ,
3132,wooden ,কাঠের,
3133,wool ,উল,
3134,word ,শব্দ,
3135,work ,কাজ,
3136,worker ,কর্মী,
3137,working ,কাজ,
3138,workshop ,কর্মশালা,
3139,world ,বিশ্ব,
3140,worried ,উদ্বিগ্ন,
3141,worry ,উদ্বেগ,
3142,worrying ,উদ্বেগজনক,
3143,worse ,আরও খারাপ,
3144,worth ,মূল্য,
3145,would ,হবে,
3146,wound ,ক্ষত,
3147,wrap ,মোড়ানো,
3148,write ,লিখুন,
3149,writer ,লেখক,
3150,writing ,লেখা,
3151,wrong ,ভুল,
3152,yard ,উঠোন,
3153,yeah ,হ্যাঁ,
3154,year ,বছর,
3155,yellow ,হলুদ,
3156,yep  ,হ্যাঁ,
3157,yes ,হ্যাঁ,
3158,yesterday ,গতকাল,
3159,yet ,এখনো,
3160,you ,আপনি,
3161,young ,যুবক,
3162,youngster ,যুবক,
3163,your ,তোমার,Don’t keep your money in non-islamic Bank.
3164,yours ,তোমার,
3165,yourself ,নিজেকে,
3166,youth ,যৌবন,
3167,zone,মণ্ডল,
