machine ,যন্ত্র,
machinery ,যন্ত্রপাতি,
mad ,পাগল,
madam ,ম্যাডাম,
magazine ,পত্রিকা,
magic ,যাদু,
mail ,মেইল,
main ,প্রধান,
mainly ,প্রধানত,
maintain ,বজায় রাখা,
maintenance ,রক্ষণাবেক্ষণ,
major ,মেজর,
majority ,সংখ্যাগরিষ্ঠ,
make ,করা,
male ,পুরুষ,
mall ,মল,
man ,মানুষ,
manage ,পরিচালনা,
management ,ব্যবস্থাপনা,
manager ,ম্যানেজার,
manner ,পদ্ধতি,
manufacturer ,প্রস্তুতকারক,
manufacturing ,উত্পাদন,
many ,অনেক,
map ,মানচিত্র,
march ,পদযাত্রা,
margin ,মার্জিন,
mark ,চিহ্ন,
market ,বাজার,
marketing ,বিপণন,
marriage ,বিবাহ,
married ,বিবাহিত,
marry ,বিবাহ করা,
marvellous ,অপূর্ব,
mass ,ভর,
massive ,বিশাল,
master ,মাস্টার,
match ,ম্যাচ,
mate ,সাথী,
material ,উপাদান,
math ,গণিত,
maths ,গণিত,
matter ,বিষয়,
maximum ,সর্বাধিক,
may ,পারে,
maybe ,হতে পারে,
me ,আমাকে,
meal ,খাবার,
mean ,মানে,
meaning ,অর্থ,
means ,মানে,
meanwhile ,ইতিমধ্যে,
measure ,পরিমাপ করা,
measurement ,মাপা,
meat ,মাংস,
mechanism ,পদ্ধতি,
media ,মিডিয়া,
medical ,চিকিৎসা,
medicine ,ওষুধ,
medieval ,মধ্যযুগীয়,
medium ,মধ্যম,
meet ,সম্মেলন,
meeting ,সভা,
member ,সদস্য,
membership ,সদস্যপদ,
memory ,স্মৃতি,
mental ,মানসিক,
mention ,উল্লেখ,
menu ,তালিকা,
mere ,নিছক,
merely ,নিছক,
mess ,গণ্ডগোল,
message ,বার্তা,
messy ,অগোছালো,
metal ,ধাতু,
method ,পদ্ধতি,
metre ,মিটার,
middle ,মধ্যম,
midnight ,মধ্যরাত,
might ,হতে পারে,
mile ,মাইল,
military ,সামরিক,
milk ,দুধ,
millimetre ,মিলিমিটার,
mind ,মন,
mine ,আমার,
mineral ,খনিজ,
minimum ,সর্বনিম্ন,
minister ,মন্ত্রী,
ministry ,মন্ত্রণালয়,
minor ,গৌণ,
minority ,নাবালকত্ব,
minute ,মিনিট,
mirror ,আয়না,
misery ,দুর্দশা,
miss ,হারানো,
mission ,মিশন,
mistake ,ভুল,
mix ,মিশ্রণ,
mixed ,মিশ্রিত,
mixture ,মিশ্রণ,
mobile ,মুঠোফোন,
mobile phone ,মোবাইল ফোন,
mode ,মোড,
model ,মডেল,
modern ,আধুনিক,
mom ,মা,
moment ,মুহূর্ত,
mommy ,মা,
money ,টাকা,
monitor ,নিরীক্ষণ,
month ,মাস,
mood ,মেজাজ,
moon ,চাঁদ,
moral ,নৈতিক,
more ,আরও,
moreover ,তদুপরি,
morning ,সকাল,
mortgage ,বন্ধক,
most ,সর্বাধিক,
mostly ,অধিকাংশ ক্ষেত্রে,
mother ,মা,
motion ,গতি,
motor ,মোটর,
motorway ,মোটরওয়ে,
mountain ,পর্বত,
mouse ,মাউস,
mouth ,মুখ,
move ,সরানো,
movement ,আন্দোলন,
movie ,সিনেমা,
much ,অনেক,
mud ,কাদা,
mum ,মা,
mummy ,মমি,
murder ,খুন,
muscle ,পেশী,
museum ,যাদুঘর,
mushroom ,মাশরুম,
music ,সংগীত,
musical ,বাদ্যযন্ত্র,
must ,অবশ্যই,
my ,আমার,
myself ,আমার,
mystery ,রহস্য,
